movie_name,id,short_comment,score,comment_time,votes,Fake
花木兰,Frederick,突出了女性独立自主的想法，不能用美貌来定义女性，应该用品格来定义。,5,2020-09-04 20:54:35,1721,0
花木兰,聿千。,多了一个星给神仙姐姐！！！这电影很迪士尼童话风格了，符合我的预期，当时不能用普通电影的尺度来衡量！记住这是迪士尼童话系列就完事儿,5,2020-09-04 23:44:14,234,1
花木兰,李清玉,很不错，就是海报画风有点老。,5,2020-09-04 21:26:25,176,1
花木兰,杰瑞的胸肌,既然定位是合家欢的真人公主改编电影，就不要用历史啊，文化啊来过度解读，那么苛刻干嘛，各方面其实都还好。合格的爆米花。加一星给迪姬尼。,5,2020-09-05 06:56:41,135,0
花木兰,哦,这个这是一个非常迪士尼的公主片，符合我的期望，我就想骂迪，干嘛让女巫死啊呜呜呜呜,5,2020-09-04 23:39:28,127,0
花木兰,赛马,刚刚在Disney+ 买片。对影片很满意，适合全家观看。屏幕越大效果越好。风景很美很梦幻。刘亦菲的花木兰表情很细致，演员们演技都在线。寓意教导- 真忠善孝。迪士尼真人中国公主电影让人满意,5,2020-09-04 21:25:41,128,0
花木兰,Q Q,起立鼓掌👏🏻为刘亦菲。通过角色花木兰升华了你的美。飞檐走壁，赤手空拳，长短兵器，竹子，棍子，暗器，巷战，近身作战，马上作战，群战，冰河决斗 ，脚手架，平衡木决斗，越往后难度逐渐升级，简直是迪士尼的中国功夫大全，由刘亦菲独挑大梁全部完成。支撑起一个纯武侠动作片。我女神太厉害了！！！！,5,2020-09-05 00:19:28,130,1
花木兰,柚子茶,D+上看的，电影很有迪士尼的色彩，反正我挺喜欢的。之前几部真人最喜欢阿拉丁，主要是故事来说一直不喜欢灰姑娘和美兽，阿拉丁算是比较不一样的。,5,2020-09-05 00:10:23,127,0
花木兰,Kazk,我爱刘亦菲！,5,2020-09-04 20:42:46,109,1
花木兰,可免免,在大家都觉得安佑森ABC的时候我反而能get到帅点 所以我觉得他应该让给我 让木兰和仙娘搞姬去,5,2020-09-04 20:15:47,107,0
花木兰,杰森jason,还原度很高，没有迪士尼公主情结的磨磨唧唧，忠，勇，真，孝的中国概念也诠释的很好,5,2020-09-05 00:16:56,108,0
花木兰,假装,有很多精彩打戏很燃，场景很好看，很宏大,5,2020-09-04 21:04:53,112,0
花木兰,momokiyo,用朋友的D+账号看完了，第一，我肯定会去电影院支持的，国内能去电影院看这个电影真的是福气呀，太适合院线了。第二，刘亦菲演的真的太棒了，在里面帅呆了，酷毙了。第三，完全合格的合家欢公主片，绝对是迪士尼真人翻拍片的上称之作。第四，瑕不掩瑜，刘亦菲的演技加上迪士尼超强的技术水平，你值得拥有。,5,2020-09-05 06:53:07,297,1
花木兰,omale,本人演了个龙套角色。,5,2020-09-04 19:13:30,75,1
花木兰,南方战士,作为一个星战迷，我对《花木兰》很满意，迪士尼果然每年都拍了一部星战片！,5,2020-09-05 20:18:56,55,0
花木兰,西瓜和芒果,木兰的确是帅到我了，刘亦菲真的演出了花木兰的忠勇真，我喜欢在如今搞男女对立的营销模式下，保持清醒和理智，多去经历多去自我感觉，别在网上看到什么就是什么。什么时候看盗版资源在网上都能理直气壮地说出口了？但是转念一想，国产电影拍不出好的作品不光是主创人员的锅，我们忽视了观看的人。网上的舆论环境越来越不经允许了，观点狭隘，思想单一，不是黑就是白。偏执的相信自己所看到的，容不得别人一点的反对，我不喜欢这样的网络环境。,5,2020-09-05 00:16:25,63,1
花木兰,今日天气晴,冲着这么多大咖＋迪士尼去看的，没有辜负我的期待！感觉在大屏幕上看电影会更爽了  d＋还是小了一点  刘亦菲就算整那么黑也是很美，打戏真不是说说的，文戏也情感细腻 眼里有内涵  和男主对手戏我磕到了（男主身材真好）  。现在还是很激动  等上映了去电影院体验一下大屏。,5,2020-09-05 07:06:28,59,0
花木兰,叶色燎人,对比动画改编的还行，去除了蜥蜴龙搞笑的部分！凤凰做的不错，很精致～～～神仙姐姐牺牲很大啊！为了电影丑化自己的颜值呢！在国外看的流媒体，可惜疫情无法在剧院上映，总觉得少了一些仪式感！羡慕国内可以9/11在电影院观看～～～票房冲冲冲！！！,5,2020-09-05 07:17:39,49,0
花木兰,木村光希,坐标西欧，线上d+看的，感觉可以有四星。风景太美了，新西兰和中国的景色美不胜收，感觉会促进当地旅游的哈哈，演员每个演技都不错。一来豆瓣傻了眼，问了一下国内的朋友大概清楚了咋回事。看那些机翻的非高清的泄露的片的很有理了？太无语了，有这个时间去电影院体现一下肯定感觉不一样。（真的很羡慕国内可以去电影院。）所以气得我必须给满分。,5,2020-09-05 10:36:31,42,0
花木兰,冬熊,花木兰的核心在于忠勇真孝，里面花木兰和父亲的感情真的很动人，能够想到自己的父母。最深刻的就是父亲说感谢天赐给我两个女儿，放到现在也是很好的父亲。木兰在军队中成长找到自己，看完之后我就觉得我只是我自己,5,2020-09-05 07:28:42,52,0
花木兰,Rocky,花木兰才是真正的公主👸,5,2020-09-04 22:34:11,49,0
花木兰,毒舌影评,在“迪士尼真人公主电影”这个范围里来讨论，相比《灰姑娘》、《美女与野兽》、《沉睡魔咒》、《阿拉丁》此前这几部“迪士尼真人公主电影”，《花木兰》的个性还不够鲜明吗？优点还不够突出吗？简直秒杀前面这些片，堪称迄今为止的最佳“迪士尼真人公主电影”好吧？不怕不识货、就怕货比货，拿《花木兰》跟前面这些片比比，刘亦菲扮演的花木兰难道不是创意最具突破、角色塑造最丰满、情感最细腻、表演最动人的“迪士尼公主”吗？哦，对了，顺便提一句，《花木兰》也是迄今为止唯一一部在正片里不唱歌，没有那种甜腻童话味儿、也不搞迪士尼标志性的满屏繁复华丽场景的“迪士尼真人公主电影”！就凭这些，《花木兰》难道还不够牛，不值得吹一波的吗？,5,2020-10-06 10:41:32,34,0
花木兰,容我时醒时醉,哈？你们是不看迪士尼的吗？竟然有那么多人把迪士尼当做拍历史片、纪录片的。话说回来，花木兰这个传奇是否真实还有待考证，一个个把自己当木兰邻居似的这么了解，服啦。迪士尼不就是造梦做童话故事的吗？这片很迪士尼该有的都有，正能量精神也传递了，没毛病啊！,5,2020-10-01 10:44:47,72,0
花木兰,一个萝卜两个坑,看完了，听片尾曲有点想哭，终于上映了，从17年官宣到今天，太久太久了，她在电影里一定吃了很多苦。,5,2020-09-04 20:25:58,50,1
花木兰,我是似水流年呀,无论摄影、音乐，还是演员表演，无疑都是顶级商业片水准。抛开粉丝滤镜，刘亦菲这次诠释的“木兰”真正将各个阶段的成长与潜在变化表现得非常到位。如果仔细去品味她脸上的微表情，是非常值得玩味的。这点以前国内的片子导演、摄影、剪辑都没能很好把握住她，但是niki做到了。影片的打戏总体十分精彩，但遗憾的是长度偏短，总给人兴致上来却戛然而止的感觉，总之就是看不过瘾。音乐方面将传统中国乐器融入其中，却是恢弘大气，不落俗套，个人尤其喜欢。,5,2020-09-05 07:17:03,35,0
花木兰,月亮超漂亮,好看的好喜欢花木兰呀~,5,2020-09-05 00:04:49,48,1
花木兰,　{　},忠诚，勇敢，真诚！第一次看英文原版！,5,2020-09-05 00:05:48,50,0
花木兰,sakuraycj,好看，希望在院线看效果更好,5,2020-09-04 20:22:23,46,0
花木兰,Susan_Sun,"在迪➕上看完，果然迪士尼没有让我失望，木兰是一部非常完美的合家欢电影，神仙姐姐的突破挺大的，完全由一个仙女变成了一个黑娃，最后回到女儿身的时候，又霉又飒，我相信木兰会成为青少年的偶像。电影很好地表达了这样的主旨：When Mulan is truthful, she becomes more powerful than any other men.",5,2020-09-05 06:18:04,35,0
花木兰,沈轻鸾,作为迪士尼自己的童话公主片改编的真人，完成度非常高了。如果要对标木兰辞和历史的大概不会满意。以及这是全年龄向的合家欢，肯定不适合不喜欢低幼向的群体，尽管这是迪士尼真人公主片相对不低龄化的。个人还是非常喜欢，刘亦菲确实很好地诠释了花木兰，打戏很多人夸我就不夸了，她一些细腻情绪表达不错，跟花父的父女情很感人，是片中各种情感牵绊里最好的，场景服化也很大气。迪士尼启用女性导演执导这样体量的商业片也是大胆且明智的选择，女导演视角展现出来的故事既磅礴也有女性的细腻，总之个人还是很推荐。,5,2020-09-04 23:33:58,24,0
花木兰,Zooey,（居然）是好看的！！！但谁能想迪士尼改编版能这么说教？？？,5,2020-09-04 23:51:09,29,0
花木兰,红,巩俐的表演太夺眼球了，小龙女还是很仙。感谢Disney旧事新说为我们再次提供了这么好的电影～,5,2020-09-04 22:50:31,40,1
花木兰,此喵非彼喵,剧情很感人，非常有意思的转折点在于，一开始木兰以男性身份代父从军，本质上是对女性身份的压抑。到后来不再束发，不再伪装自己，坚定做自己，承认自己的女性身份，这是一个身份的转变。,5,2020-09-05 00:12:32,201,0
花木兰,桃花青山皆妩媚,刘亦菲发挥的很好，打戏精彩，迪士尼电影质量有保证,5,2020-09-05 10:37:46,26,0
花木兰,非常不小心,今天世界上还存在如此简单纯粹的直男向、直女向、直皇向、直孝向、直传统美德向的电影，我应该给五星。,5,2020-09-06 02:34:46,18,0
花木兰,TSLA,不是，你们这些看盗版的为啥在这里指指点点,5,2020-09-05 08:30:40,35,1
花木兰,今天七点钟下班,电影的画面没得说，木兰的成长和寻找自我是意料中的剧情，但是迪士尼还是把这个故事讲出了新意讲出了趣味，刘亦菲扛了60%的戏份，而且真的顶住了。有好几场打戏配上背景音乐看的心潮澎湃，父女情刻画的很不错。,5,2020-09-04 23:34:39,20,0
花木兰,夏小眯,中美关系搞成这样的2020，我相信迪士尼尽力了。人家想文化洗脑我们吗？可我们的文化也在他们的领土上扎根了呀！中国网友请口下留情，毕竟刘亦菲是我大中华，大武汉的女儿。,5,2020-09-05 02:20:30,26,0
花木兰,路寻,迪士尼将东西方元素完美融合，忠孝勇真，告别了赵灵儿的青涩，刘亦菲此次将花木兰的柔情和勇敢很自然的表达出来，演技和打戏都相当出彩，花木兰仿佛就是为亦菲量身定做的角色。,5,2020-09-04 22:12:28,29,0
花木兰,小强哥哥,电影意义大于电影本身，传统标准的迪士尼公主片，看完零点IMAX场觉得电影并没有那么不堪，迪士尼架空了历史围绕“忠勇真”来展开主题，大量篇幅来围绕了传统家庭“孝”也是国外对我国的片面了解（但其实中国还是很强注重家庭)最好看的还是三分之二，Mulan入代父从军隐藏Cin，在军营的自我成长并涅槃重生脱衣成为真正的自己，全片并没有有过多的爱情主题线，却有着初恋一般的味道点到为止，不足的是迪士尼大战低龄化标准草草收尾挺遗憾的，这也是迪士尼的鸡肋。刘亦菲的演技也得到了很大的提升微表情很多，实在是太美了🙋🏻‍♂️Liu为花木兰注入了灵魂，看出来了融入了感情，观感不如灰姑娘和沉睡，确实一部十足的爆米花片。8/10,5,2020-09-11 02:31:03,27,0
花木兰,2008nmj,刘亦菲很美，男主很帅,5,2020-09-05 00:05:02,28,1
花木兰,沧海一粟,影片本身4星，黑子太多了多给1星。因为前期实在黑评如潮，所以去看的时候也稍稍降低了自己期待。场景：导演说《花木兰》是献给中国的情诗。从荒漠的第一个大镜头，到雪山，到张掖的丹霞山，以及雪山和高原都为花木兰真人版铺上了一层epic的基调。演员：看完这部电影唯一感受，刘亦菲就是花木兰。打戏，英语流畅等等以及被大家反复提及。我这里提两点，台词和演技，我个人觉得这是刘亦菲表现最突出的一部电影。我和喜欢Niki caro讲故事的方式，而且可以看出她非常信任和喜欢主演刘亦菲，全片80%的微表情镜头也都给到了花木兰。贯穿全片的“忠，勇，真”不仅在电影中与凤凰结合进行了艺术化，最后升华的“孝”更是对现代社会亦有启迪意义。总体而言，这是一部非常好看，尤其尤其适合带着孩子去看的迪士尼公主片。,5,2020-09-11 09:03:04,16,0
花木兰,光影和梦,看盗版来恶意评分的请闭麦！刘亦菲在这部电影里面的表现真的惊艳到我了。虽然讲述的故事耳熟能详，但是导演拍摄出来的画面真的很美很震撼。作为一部爆米花电影是非常高质量的！再夸一下女主角！花木兰非刘亦菲莫属，她一出现，就放佛回到了背《木兰辞》的那个夏天！,5,2020-09-05 10:38:29,20,0
花木兰,pansin,这个版本的花木兰挺让我惊艳，对中国古典文化的诠释更符合西方的普世价值观，中西文化交融的设计颇为用心，当然也遭受了不少国人的抵制。逻辑上更通顺合理，合情，故事情节也更流畅，主题也蛮深刻，喜欢。,5,2020-10-01 17:44:37,34,0
花木兰,豆友209195245,看完花木兰了，刘亦菲真是被黑惨了，电影很好看，是个合格的迪士尼公主片，打戏很酷，刘亦菲演技真是不错，大荧幕看着特爽。绝对值4星好评。刘亦菲默默干事业，不炒不作，人格魅力再加1星。,5,2020-09-11 07:59:25,14,0
花木兰,土温马步,很好看呀！为什么那么多人说不好？传达的内容很正能量，女子当自强，为国争光，这些不都挺好的吗！虽然服化道让很多人不舒服，总的来说还是很惊艳得呀，毕竟人家木兰本身就是假小子，难得画一次正式场合的妆，夸张一些没毛病呀。而且我觉得那个白的刷墙妆其实是一种保守的女子地位低下的显现，剧中女巫就是半面白妆，作为女权自由对照组，她最后还是没有得到尊重，片末那个媒婆也是听到木兰被皇上认可晕了过去...甚至在殿上，某个女的领木兰来“领奖”，也是一个女子浓妆到木兰素颜的一个画面转变。这些画面产出的内核挺好的，国人真的不用因为服化道而生气呀。不过我看的是国语版，很多台词还是接地气的，原声的台词可能太过直白造成观众不太好的感受！总之，非常好看！强推！虽然这次没有歌舞了，但是战场上的BGM和其他场景的BGM还是很惊艳的,5,2020-09-11 03:03:59,20,0
花木兰,高贵录人,国语翻译是谁做的？太有水准了，特效好赞，那只箭吓到我了，音效赞爆，无论是交战马蹄声还是雪崩时，刘亦菲演技台词真的突飞猛进，全程飒到不行，完全值回票价的迪士尼合家欢电影，我会二刷的。,5,2020-09-11 02:58:09,20,0
花木兰,乙己者拾荒,女性独立则天地皆宽，这部壮丽恢宏的迪士尼真人改编电影不仅让你观看时热血沸腾，更是让你看完后引发深思，就像陈年美酒，入口辛辣，然后微醺上头想起很多应该或不应该想起的，百感交集回味悠长，真正强大的女性应该像水一样，温柔平静不动声色却也拥有撼天动地的力量，我们所有的女性同胞们都应该像最后的木兰一样，卸掉伪装，展示你本来的模样，不需要刻意模仿伪装成男性形象，温柔优雅的你本来就充满力量，我们就平静的站在那里，不需要强悍歇斯底里，就让身边的男性知道他们制约不了你，回归电影本身，刘亦菲演技真的在巩皇面前也毫不逊色，演技恰到好处，画面制作精良，小声BB(在大荧幕上看一定更震撼，一定会去影院2刷)不得不说这是我看过最好的迪士尼真人改编电影没有之一。,5,2020-09-04 23:44:54,13,0
花木兰,懦弱者的托词。,很惊讶豆瓣只有4.4分，平心而论电影真的没差到这种程度。我觉得是电影对木兰故事内核的修改冒犯到了中国观众。我其实一直对文化挪用并不持批评态度，毕竟我们不得不承认目前的主流话语权掌握在西方特别是美国手中，一些小众文化如果不被挪用甚至连露脸的机会都没有。想要传播中华文化，就必须在美国人能理解的语境下讲故事，找到共通的话题比如女权，再加上异域风情和功夫武打。抛开这些看，电影内核其实非常迪斯尼，神似前些年的《冰雪奇缘》。其实作为中国人，我们对中国文化的了解又有多少呢，朝代更迭，很多史实都已不可考，我们怎么就敢仗着自己中国人的身份说我们对古代的想象就一定是对的呢？,5,2020-09-07 06:03:10,11,0
花木兰,十万嬉皮。,挺好看的 合家欢电影 我永远喜欢迪士尼！刘亦菲好美好帅,5,2020-09-05 10:40:13,15,1
花木兰,米豆,"不是这评分？ 就一童话故事啊大家期望值太高了吧  这不就是纯正迪士尼内味儿 ",5,2020-09-11 23:25:21,14,1
花木兰,等我。。,最近几年看过最好的公主片，个人成长完成度非常高。,5,2020-09-05 10:39:52,17,0
花木兰,阿峙Alex,4.7分？这是我对豆瓣电影评分最失望的一次，翻看了很多短评，几乎没人在乎电影传达的价值观-女性的勇敢、独立，做自己，做人的真实，甚至“孝”。有的只是嘲讽，迪士尼没有拍出他们心中的古人形象，他们称之为“中国人”，但他们也选择性忽视那是鲜卑人建立的北魏。总之，电影传递的价值观很棒，适合带孩子尤其女孩观看，迪士尼不愧是迪士尼，这就是世界公认的普世价值。,5,2020-09-11 23:14:35,13,0
花木兰,是韩春萌呀,故事节奏不拖沓，一路见证了木兰的成长，非常推荐一看。刘亦菲的扮相也很飒!,5,2020-09-04 23:31:04,12,0
花木兰,傅书,不是完全复制的动画版，虽然动画版是我的初心，我真的太爱mulan了，真人版在此基础上与现代很好的相结合，赋予了mulan新时代的意义，我认为这是很好的改动。,5,2020-09-04 21:38:15,16,0
花木兰,龙在家里蹲,刚看完，还行吧，整体来说不错，没有网上说的那么差,5,2020-09-11 02:36:36,16,0
花木兰,VV,"服化道剧情真的都超级震撼 刘亦菲表演的太细腻了 ",5,2020-09-04 23:49:47,15,0
花木兰,怀尔德书僮,刘亦菲演了一个摩羯座的花木兰，坚定隐忍，最终突破自我。学会真实的对待自我并主动掌握命运。ps，武打戏太好看了，从小龙女到花木兰，这状态真真的不一样不一般,5,2020-09-05 10:39:51,18,0
花木兰,彼得堡觅食胖鸽,"虽然剧情bug,但是又能怎样！！",5,2020-09-05 06:10:52,10,1
花木兰,汪铎（刷脸中）,电影不像上映前看到的豆瓣差评那样差，反而让我非常惊喜。作为一个非常喜欢影院观感的影迷，不得不佩服迪士尼，果真是全球一流电影公司。这部迪士尼童话版花木兰，的确拍出了迪士尼公主片的风格，像《阿拉丁》和《灰姑娘》一样很好看！剧情流畅，画面美丽，视听盛宴！花木兰的女力觉醒铺垫地也不突兀，甚至几度让我眼含热泪。甄子丹的和李连杰的打戏十分精彩，就是太短了，可能因为不是主角吧。任何一位对自我认知迷茫中的人，看完电影后应该会变得努力接受真我，变得勇敢。看完电影后，内心被补入了巨大的能量。还有，我居然get到刘亦菲的演技了。,5,2020-09-11 02:09:33,16,0
花木兰,芦,"好莱坞的工业水平 真棒 那个打光 皇帝高高在上的感觉瞬间有了  剧本改编的很好  把一个简单平面的故事 改的更立体更有深度了 ",5,2020-09-11 02:45:50,17,0
花木兰,｡,心疼我菲,5,2020-09-04 20:55:45,13,1
花木兰,颦儿,大家都不看好，我给个满分吧，用西方的叙事风格来解读东方的故事，还是挺好一番趣味的，影片中涉及了中国文化的三个层面，忠，真，孝，还有一个勇，我觉得这是西方的文化的元素，这里结合的不错，忠是为国家，勇为战场，真是为自己，孝是为父母，尽忠、耻勇、存真、为孝，花木兰这个故事可以用这八个字，至于特效画面，还不错，唯一感到别扭的就是配音了,5,2020-09-18 23:12:07,60,0
花木兰,赤道与北极,我真的觉得还不错诶，就是标准的好莱坞大片呀，中间木兰从军和最后衣锦还乡都把我看哭了一下，神仙姐姐也演的不错，表演合格！非要说剧情有硬伤的话，女巫这个角色前期太牛了，后面又死的太简单了，理解成自杀才说得过去，然后突然让木兰领兵也很奇怪，这大概又是个人英雄主义的惯常好莱坞剧情使然！场景拍的还可以，大场面不多，但是在巨幕上看体验还不错！我觉得这个电影正常的综合评分应该是7分，目前的评分太低了！,5,2020-09-13 13:11:35,10,0
花木兰,@,刘亦菲太好看了，取景和服装都很好，就是剧情有点薄弱，打斗场面也不太行。但是刘亦菲太好看了，尤其是披散头发的样子实在是太美了。,5,2020-09-04 23:35:45,8,0
花木兰,安亦如风,不错，看完感觉超出预料，是我喜欢的Disney那味儿。可以说是期待了好久好久好久了，刘亦菲这次真的交出了一份非常漂亮的答卷。,5,2020-09-04 23:30:38,12,0
花木兰,柠檬雨,电影院看真的不错，剧情挺紧凑的，给我的感觉就是目不暇接，既要看刘亦菲演技怎样，确实挺好的，又要看各种中国风光美景，广漠，群山仞立，丹霞丰茂，真是眼睛都看不过来了，准备多刷,5,2020-09-11 09:02:47,9,0
花木兰,临风听暮蝉,电影确实有瑕疵，但是绝不像差评说的那样，整体跟女权的结合太完美了，只是片尾有遗憾，为什么不让木兰接受荣誉与职位呢？但是很满意了，国内哪有什么真的女权的电影呢，差评都是来自男权社会的凝视,5,2020-09-11 21:54:49,6,0
花木兰,唐山,从编剧、特效看，可能不算出彩，但片中对不同文化的包容、理解与尊重，实在令人钦佩，体现了对普遍价值的坚信。片中置入女性身份的焦虑，这是典型的近代思维，但与忠勇诚孝结合起来，片中大多数汉人都呈现出人性的光辉，体现出强烈的善意。这比好剧本、好画面精彩得多,5,2020-09-06 02:56:12,13,0
花木兰,宇智波嘻嘻嘻,看完了，内心真的很不能平静。传达的意思很简单。就是“谁说女子不如男”。小木兰抓鸡。从房檐上下来的时候。父亲其实想要表扬木兰的。但是村人们的传统观念就是女生就是要相夫教子。对木兰的表现很嗤之以鼻。花父那种对木兰厚重的爱，真的被表达出来了。女巫这条线其实我觉得不突兀。她就是因为自身的能力，被世俗所不容。所以就有了抛砖引玉到木兰。因为木兰坚信忠勇真。忠于自己的国家，忠于自己的皇帝。爱戴自己的家人以及战友。她坚持了这条路。所以她的结局不一样。最后她打破了传统。做到了“女子如男”。女子照样可以保家卫国。真的很喜欢这部电影，有哭有笑。很值得大家去看，花木兰就是为大荧幕而生的。丝绸之路和丹霞地貌。很惊喜吧。,5,2020-09-12 02:22:31,10,0
花木兰,凡人榜,壮观！！！！华丽！！！！动人！！！！女性力量！！,5,2020-09-04 21:38:05,15,1
花木兰,Dodo,可以说是美国人拍了一部黄皮肤版的《权游》电影，只不过二丫变成了木兰。节奏和动画版一样，独特且优秀！后半段含泪看完的。,5,2020-09-05 06:19:29,8,0
花木兰,Popart,是我今年看的真真真真真平权电影。虽然全片节奏出了问题，但是美术设计，动作设计很漂亮。刘亦菲超纲完成！影片想表达的想法跟我前几天朋友圈发的不谋而合。就是「做自己」和「和别人一样」的表达。巩俐代表的是旧时代女权，看似尖锐无比，但是每次发功都是需要「附身到男人身上」，也就是附庸男权。而刘亦菲代表的「做自己」就是不需要装坚强装男人装man才是女强人，而是做自己用女人独有的阴柔，四两拨千斤去打败蛮力。惊喜！,5,2020-09-05 00:53:52,12,0
花木兰,春风不识字,其实故事是不错的，就是以外国的思维讲了一个故事，但是完全能理解为什么在中国评分不高，因为真的纯是外国思维,5,2020-09-13 13:13:13,8,0
花木兰,策马奔腾,推荐,5,2020-09-11 02:24:19,12,1
花木兰,Blue Eyes,昨晚看了零点杜比 [笑cry]困成狗，认真讲几句个人感受。大荧幕看，画面美，特效很赞，配乐真的太能更棒了，杜比音效真的可以～最喜欢的是摄影师的运镜能力，真的🐮军营训练部分，换下女装策马回去战斗，还有和父亲的对手戏是我个人心中top3片段…天仙打戏真的又美又有力量感，很真实作为迪士尼真人公主，木兰是一部好的作品，不要纠结故事层次和深度，因为人家迪士尼本来就是拍给青少年看的…无论是演员表演，大咖云集还是场景画面，特效制作，高质量配乐都值回了票价，甚至超值了…之前有看到有人说导演把天仙拍的很好看…就真的好看，观影过程中能明白那种女性导演才能捕捉的美了，镜头里坚定有力量和自信的美… 找时间二刷原声[作揖]ps在影院看完这部作品才有发言权，懂我的意思吧[摊手][摊手][摊手][摊手],5,2020-09-11 09:37:14,11,0
花木兰,樱,我感觉这部电影不错,5,2020-09-14 07:22:17,6,0
花木兰,Timor,五分给迪斯尼，五分给刘亦菲，一分给剧情,5,2020-09-04 23:34:29,8,1
花木兰,非著名辣椒面,我被骗了，我以为真的很差。我去看了后感觉不错啊，有血有肉的角色，特效也很好，可能就是我爱迪士尼吧,5,2020-09-11 08:38:34,12,0
花木兰,goodjobbee,"嗯 对不起，我还是忍不住抢先看了花木兰。。。我看到了一个女性的自我救赎。我看到了一个人的成长与蜕变。我看到了世界上每一个个体，所必须经历和磨练的曲折道路和崎岖泥泞。迪士尼在多彩温暖的色调里还是完整展现了女性的自我价值寻找，区别于谈情说爱完美幸福的公主片。我打5颗星，理由太多，包括，木兰也代表了我。btw 我会带着朋友一起去贡献影票。（有些理解能力感知能力低的，不阻止你看电影，但请别玩豆瓣了。或者别轻易发表脑残言论。） ",5,2020-09-05 01:25:54,11,0
花木兰,🤔,我宣布，花木兰是我心中迪士尼真人公主片里的第一了，画面和背景音乐结合得很棒，有几段看得我眼泪停不下来，谁规定女子就只能按别人的要求去生活，谁说女子不如男！！刘亦菲在里面超帅超美，和亲人的感情很感动催泪，和男主的感情青涩含蓄却也更动人，妮基导演太会拍了，如果仙娘那条线再深入复杂一点就非常完美了，完全不够看啊！！,5,2020-09-04 23:42:10,7,0
花木兰,豆友215116567,今天凌晨看了首映，抛开木兰辞滤镜，抛开天仙滤镜，当作一部迪士尼真人版改编的公主片来欣赏的话，非常值得一看的。电影的场景很美、色彩很美、服道化很美、音乐很美，整部电影运镜很棒、情感细腻、打戏惊艳、主题普世、剧情紧凑、唯一的不足是故事简单、叙事平淡 ，这一点非常符合迪士尼公主风格的电影，非常适合青少年！这是一部导演和演员互相成就的影片！这里必须要夸一夸导演的功力，之前看过她执导的《鲸骑士》和《动物园长夫人》，这两部影片和《花木兰》的风格截然不同，真的想不到这是同一个导演的作品！再夸一夸演员，每个演员都演出了每个角色的人物特点，特别是主演刘亦菲形象生动地演绎了女孩成为战士、战士成为将军、将军成为传奇的心路历程，特别喜欢她的面部微表情，而且打戏很棒，又飒又优雅，一看就是练家子的！,5,2020-09-11 08:51:43,8,0
花木兰,单ོ单,不懂为什么评价这么差，这毕竟是个耳熟能详的简单故事，也拍了这么多版本的确没什么花样了。美国的超级英雄片情节本来也都简单，但从宏观场面和人物表现来讲都可圈可点，后半段全程都挺感动的，影片处处透漏出美感。4星给电影，神仙姐姐的颜值再加一星,5,2020-09-12 02:14:28,12,0
花木兰,任性の君君,刘亦菲是我心中最适合出演花木兰的演员。,5,2020-09-04 22:28:58,10,1
花木兰,Giumitico,刘亦菲三个字就值得五星啊！,5,2020-09-11 02:06:41,10,0
花木兰,Jacqueline,这个电影不值得5星吧，也就是中规中矩的迪士尼电影，但是因为豆瓣分太低了，拉一下，因为它的确也不是4分多的水平。我们的民族主义就强大到，无论什么电影拍我们的故事，只要是有一点和历史不符，就会得到超低的评价。但是自己人拍起古装言情穿越剧的时候，历史就被抛在身后。爱国爱文化仅仅是在西方的背景下，没有他们的故事，我们的历史好像就没多大意义了，这种思维也是难以令人理解,5,2020-09-15 01:51:15,13,0
花木兰,浅葱,迪士尼真人版中最好看的。为什么如此刻薄？这里面的价值观比当前大部分中国电影更加高级和“中国”好吗！所诠释的女性主义和和谐社会，甚得我意！,5,2020-10-06 23:29:20,23,0
花木兰,沁冰,中华民族形象的影史巅峰 为所有不能在电影院看的人感到遗憾 木兰本不是童话 同胞们对这电影的恶意让我认识到她仍然是童话 请你们向片中的全体中国男性角色学习 别把本来可以成为木兰的同胞逼成仙娘,5,2020-09-11 18:47:43,4,0
花木兰,已注销,在男权社会里面夹缝生存的两个女性即使立场不同依然惺惺相惜的故事!,5,2020-09-11 18:59:46,5,0
花木兰,__雲淡風輕.,自己喜欢就够了,5,2020-09-05 05:45:11,8,1
花木兰,浩子菌,就电整体而言，这次豆瓣评分明显是不理智的偏低了。真人版而言确实是一部遗憾和惊喜并存的片子，就动作设计和美术服化道场景设计而言，迪士尼下了血本。而恢宏的战争戏和实景搭建的场景以及用心的背景乐来说，这片子就该达到及格线。我之所以给五星也是刘亦菲这个花木兰让我满心欢喜，她英气的容貌和一颦一笑以及湖边的起舞弄清影，就让我觉得刘亦菲就是花木兰。且不说文戏的表现，这次的动作戏她每一场都参与了，而其中90%的特技动作都亲自去完成且完成得很好。遗憾的地方还是老样子了，毕竟是迪士尼的真人片，人物设定和故事线过于单薄。事实证明用西方审美那一套真的难以表达出我们东方人的“忠勇真”，更别提本是木兰代父从军的孝。当然关于女性“真”的刻画，好几场戏真的让人动容，配合BGM眼泪都要出来了，所以我一定会去影院支持刘亦菲这个花木兰,5,2020-09-07 12:27:36,7,0
花木兰,NAME?,怎么会不好看呢，画面叙事都可以啊，又不是文艺片，结构清晰，故事清楚明白。央视都报道过花木兰了，有些人有啥可酸的。,5,2020-09-05 10:28:48,12,0
花木兰,Témérairement,终于终于看到了这部评价两极分化的电影的真面目，先说优点：场景是美得没话说，服装很精细，木兰真的很美，男主也让人很有心动的感觉。缺点：还是让人很难以不注意到电影中半段至后面部分，剧情可以说垮了，节奏也让人很不舒服，换句话说：个人感觉整个电影木兰还没离开家的部分更好看。客观来说，电影可以评三到四星，但像打一星人的行为形象地阐述了事实：评价就是无法客观的，所以我打了五星，以此作为一句话送给打一星的人：cnm。,5,2020-09-11 22:21:23,3,0
花木兰,到里斯本看海,刘亦菲的发质、花父的教育理念、连杰帝的反应速度、巩俐的女性主义反水都非常好。唯一不满意的是陈洪辉跟花木兰就不能多谈点儿恋爱吗？意思完全到了啊。,5,2020-09-11 15:21:08,4,0
花木兰,我是鱼不是咸鱼,刚刚看了这部电影，因为打分很低，一直不太想看，但是女儿想看，所以勉为其难得看了，没想到还真不错不要拿历史说事，花木兰本来就是虚构人物，这就是一个东方外套的西方英雄故事，而且这个英雄是个女性，她有天赋，一步步受到另外一个女性的指引，最终成长，很好的一个故事，很适合小女孩看,5,2020-10-03 08:13:07,45,0
花木兰,SophieVon,新时代的迪士尼公主，中国的迪士尼公主。如果艾莎可以骑白马在水上奔驰，木兰为什么不能穿红衣战斗！简简单单的好故事！,5,2020-09-05 09:46:02,8,0
花木兰,Regardez,（70/100）工整流畅合格的商业片。迪士尼公主电影里品质上乘的存在。刘亦菲的表演是没有问题的，动作戏精彩，画面质感一流，片尾出字幕时的title design超好看。中国公主花木兰没有让人失望。,4,2020-09-04 17:47:09,4777,0
花木兰,兰,后半段节奏还是有点问题，but who cares？（刘亦菲真好看、刘亦菲头发真好看,4,2020-09-04 17:12:40,2075,0
花木兰,一枚蒹葭,大家进影院千万不要抱着美国人能拍好中国历史的期望，还有服化道能一直符合中国人审美的期望，就当做中国风架空神话故事就好。有一些和动画版不一样的改动其中蛮多我觉得挺好的，符合当代审美。还有姬佬真的一本满足，刘亦菲跟巩俐的戏份比我想象还要姬一百倍吧。巩俐真“男主”爱上年下，所谓男主兄弟情单箭头打酱油。已经可以想象国内全面上映以后会有多少人搞cp了。,4,2020-09-04 18:07:50,1731,0
花木兰,🌈倪安清,我觉得最好的结局就是，花木兰在巩俐邀请加入她的时候答应下来，两个女人大杀四方先用可汗手灭帝国然后再灭可汗创造母系氏族[胜利]（很叛逆，一点也不忠和孝，我就喜欢这种叛逆反抗权威的）,4,2020-09-04 20:18:54,1218,0
花木兰,天马星,其实我觉得刘亦菲还挺适合这个花木兰形象的，相比动画里的机智活泼，真人版花木兰是一个外表看似柔弱内心实则刚强，想要在压抑保守的男权社会里活出自我的角色，这个角色和小龙女其实颇有几分相似之处，而后续花木兰挣破束缚则和导演的《鲸骑士》一脉相承，其内核正是女性觉醒之旅，得益于妮基·卡罗的女性视角与出色的掌控力，《花木兰》是所有迪士尼真人公主大片里女性主义诠释得最好的一部，相较于公主，花木兰更像骑士。,4,2020-09-04 19:50:18,1472,0
花木兰,懵T^T,父女线很感动，虽然一开始抑制木兰天性我难以接受，但是不得不说这是古代的对女性的态度。木兰用实际行动让不看好她的人改观。,4,2020-09-05 00:08:29,488,0
花木兰,ICE,70分吧，比起后边更喜欢前半段。另外刘亦菲真的很美！,4,2020-09-04 20:14:47,366,0
花木兰,DK,三十五刀花的不心疼 好看 刻画的中国很多美景 颜色明亮 除了木兰 其他角色的服装都怪怪的 特别是皇上...,4,2020-09-04 19:31:47,329,0
花木兰,triumph,台词过于简单，语速也过慢，很有年代气息！不过巩例饰演的女巫死得过于仓促了，也可以理解成不愿意那样活着了。总体来说不错，刘亦菲完成的很好，郑佩佩很有喜剧天赋，但木兰的妹妹比木兰还老怎么回事。,4,2020-09-04 20:57:19,296,0
花木兰,开花的刺,大波浪卷...巩俐戏份一开始就料到...无意看了字幕才发现皇帝是李连杰演的....,4,2020-09-04 19:08:52,244,1
花木兰,阿巴阿巴,嘛，不是通过正常渠道看的（到时上映了会补上一张电影票的），拍得确实很美，景美人也美，所以小屏幕看有点不够。刘亦菲文戏武戏表现都不错，她讲英语比讲中文要顺畅一些，其他人普普通通。没有预想的那么严重的违和感，甚至看得有点点泪目。总的来说值四星吧。,4,2020-09-04 20:41:48,190,0
花木兰,回首不再是少年,8.0手松一些可以八分的迪士尼更加专注于个人的成长我认为这一点十分巧妙不过，你能从中明显看出来其他人对于中国的理解，这么多年了，我们的文化自信似乎并没有什么进步,4,2020-09-04 21:10:12,183,0
花木兰,曹春花袭人,是个7分的很可以看的片子，因为有很喜欢的东西所以打高1分。喜欢的地方：刘亦非适合木兰这个角色，好看，打戏漂亮帅气，演技也没有什么毛病。原声大好，太喜欢了，既有新音乐，也完美融入动画片的音乐元素。画面优美，取景新西兰。美术优秀，片尾graphic很美。剧本看得出尽力保留动画片内容，但又符合真人版的严肃，完成度70%吧。下面是雷点：巩俐的角色，从化妆造型到服装到人物弧线都......一言难尽，更一言难尽的是下场。木兰的love interest，有必要么？有必要么？小伙子你在这片子里晃来晃去干啥呢？你是人长得帅还是会演戏还是能打还是有计谋？说实话木兰和女巫的CP感强多了！其他的男性角色，除了木兰爸爸，也都... ... 唉。至于福建土楼唐朝彩妆什么的，反而是末节了。总而言之，现在要去找原声来听。,4,2020-09-04 22:02:26,155,0
花木兰,⎊,从电影角度来讲影片质量还是不错  刘亦菲不愧是从小练武术  但是作为中国人 对影片里面强行套入的欧洲中世纪家族荣誉的观念和日本装扮与称呼的叫法还是略感尴尬,4,2020-09-04 19:57:55,196,0
花木兰,醒着,我们9.4见。巩皇是真女权。我觉得迪士尼拍的中国故事，放到中国有文化贴现，但可能更适合海外通行。有一些地方还是有点让人难以信服。刘亦菲的表演是很到位了，无可指摘。武术的还原和一些中国文化的追溯是值得鼓励的，多一颗星，不要吓到好莱坞。,4,2020-09-05 00:11:06,130,0
花木兰,leolee,电影几个大场面还是挺震撼的，打斗戏也精彩，电影院观看效果会更佳！就是剧情较为拖沓，结束的也有点草率了，反派有点弱…,4,2020-09-04 23:47:52,122,0
花木兰,sleepwalking,"1.刘亦菲真的美惨了啊啊啊 2.巩皇跟皇位太配了 3.反派是个纸老虎吧hin失望 4.我想磕的CP没磕过瘾啊啊啊 5.刘亦菲真的美惨了啊啊啊… … ",4,2020-09-04 21:27:58,481,0
花木兰,可樂咖啡君,360度展示刘亦菲有多美的公主片，活泼、工整，内核又暗扣当今的平权潮流，最让人意外的，就是老美对东方的猎奇向审美这次出奇地克制，各个方面都毫不费力地释放着商业片应有的魅力，在迪士尼真人部作品系里，绝对是亮眼且不可忽视的存在，而这种气质，才是当下影市所急需的。,4,2020-09-04 23:03:17,126,0
花木兰,BigZ.13,电影本身三星，但是总觉得这一部Mulan承载着太多。在这个时段，一部华人主演的好莱坞电影讲述的不就是我们永远不甘宿命，不管别人怎么看我们，我们也要像世界宣示我们的故事。此身无悔入华夏🙏,4,2020-09-04 21:07:45,116,0
花木兰,王小猫可爱多,我看到很多人品论说是糟蹋了民族精华。我不同意，我觉得你要想让传统文化走出本地走向世界，就是要有一个浅显易懂的故事外壳，不要说忠勇义，这部剧里能表达出一个孝，就非常不容易了。文化输出的慢慢长路，这是一个很好的开始了，比crazy rich asian的价值输出要更贴近中华文化。 刘亦菲挺棒的，我希望过10年她能是一个有力量女人，而不是总被人说是公主，女孩。,4,2020-09-05 07:40:04,108,0
花木兰,Metapher,"啊刘亦菲！！！可以了可以了 （巩皇转折突兀了一些 ",4,2020-09-04 23:54:00,101,1
花木兰,吴天凡,在D+用平板看的，看的时候满怀期待，也许是英文水平还不是很高🙈感觉剧情有点简单，但是完全不影响美感，最后的价值观也是恰到好处。,4,2020-09-04 19:37:15,126,0
花木兰,及时行乐er,"看的原版，英文对话就emmmm国语版估计就没什么违和感了，场面宏大，画面很美，全片都很酷，虽然没什么笑点 ",4,2020-09-04 21:22:46,100,0
花木兰,-Giacinta-,简单平凡的小故事，除了英文说古代官话不太得劲之外，其他都挺好,4,2020-09-04 21:24:41,95,0
花木兰,迷途,轻轻的人物传记片，不算炫彩但还是很不错的！,4,2020-09-04 20:34:21,92,0
花木兰,慢摇的风,还不错👍,4,2020-09-04 21:17:54,69,0
花木兰,傲慢的胡上校,忠勇真善,4,2020-09-04 21:25:41,70,0
花木兰,likekoo,难以掩饰的西方猎奇东方文化的视角，因此整体剧情框架有些引人发笑。不过其他的一切还是挺满意的。三颗星，神仙姐姐加一颗。,4,2020-09-04 21:12:52,63,0
花木兰,Geronimo,7.5，作为迪士尼出品的电影没有国产电影的强加的鲜肉和强加的价值观，桥段和叙述也是基本按照迪士尼动画电影的套路，画面感很美，度过了开头一群中国人说英语背景声却是中文的适应阶段后影片总体还是不错的,4,2020-09-05 06:16:35,45,0
花木兰,王祖贤,作为爆米花电影是OK的，虽然置景服装颜色都很艳丽，但是视觉上很和谐，而且动作戏真的超级享受，已经很长时间没看到这么干净利落的动作片了，怀念港片百家争艳的那些年。,4,2020-09-04 22:24:59,53,0
花木兰,Enoch,给刘亦菲的武打加一颗星，太TM飒了,4,2020-09-04 21:27:50,293,0
花木兰,伯罗斯坦戈,宏大叙事，宏大场面。整的故事性完整。虽然讲的是古代的传说，说的还是今天德事儿：强调个人，强调家庭，弘扬真善美。不过编剧应该缺乏兵法了解，荒野之地怎能让自己处于洼地呢何况对方又是游牧骑兵。雪崩之时骑马救人，也没的说了。总体感观不错，细节上还需打磨。,4,2020-09-05 06:09:36,36,0
花木兰,╒評訉王孖ゞ,另类童话花木兰，适合带小朋友一起观看。大场景还是很赞的。,4,2020-09-04 23:42:39,44,0
花木兰,梦里梦外都是寐,动作特效很棒，很适合青少年看的片子，中国文化源远流长,4,2020-09-04 20:43:41,46,0
花木兰,沙拉豆腐,3.5⭐️「传说」的氛围感营造的不错，主角表现及格。剧本叙事方式不太适合迪斯尼，故事性差一些。能看得出来，这就是西方眼中的东方童话，没必要太计较细节，毕竟主角都说英文了…作为童话，真实感却强于以往的梦幻感…对于过于熟悉这个故事的人来说，又不够真实…导致接受起来会有困难，容易出戏。看了动画版对比，动画中木兰需要隐藏的自己是不爱红妆不拘于繁文缛节的自己，进入军队从菜鸡到强者，和他人一样都靠努力；而真人版需要隐藏的是“气”，是天赋异禀么？她从小就武艺过人，仿佛她的成功只是具有天赋的女性的特例，这和女性追求平等待遇的初衷不符。,4,2020-09-05 00:02:06,42,0
花木兰,最烦装逼,这还可以啊，你们到底要看啥？,4,2021-12-07 17:43:31,30,1
花木兰,波吉sama,剧情有槽点，可是服饰、动作、音乐，以及各种布置都非常用心！刘亦菲是真好看，不到最后字幕我是真没认出来皇上是李连杰…,4,2020-09-05 06:52:07,35,0
花木兰,羊内,四星全部给女神 女神真的突破自我了 但是这种好莱坞视角的中国故事 或许以前会有人因为特效 服装剧情买账 现在国内各种增长 这种香蕉人片子 以后还能走多久呢 看完电影我想辞职回国发展了,4,2020-09-04 21:32:43,37,0
花木兰,乐事薯片,这是一板迪士尼的花木兰，说实话我一开始没报太大希望，但是感觉真的很不错。考虑到pg13的分级，场面对血腥做了一定处理。刘亦菲在电影里的表现惊艳了，她就是花木兰。我其实最喜欢的角色是花爸爸，太好哭了。,4,2020-09-05 07:25:20,27,0
花木兰,大-燕-威-王,我觉得拍得非常好。对比老版动画花木兰，它其实往前又走了一步：老版直到片尾，花木兰才恢复真实身份；新版则是通过巩俐角色的助攻，帮助花木兰认清了自我——男性社会接受不接受我无所谓，我要接受我自己！这也代表了女权主义二十年来的新发展之一：女性的自我认同，并不是“女人能和男人一样”，而是“女性本身很有力量”。以及，旧版并不强调“对家庭的奉献”，新版强调了，它不是倒退，反而是进步：女性无论选择何种身份，她都是她自己。,4,2020-09-27 14:57:39,16,0
花木兰,reneryu,李连杰？？？感谢好莱坞。一首主题曲能用20年👍,4,2020-09-05 05:59:55,21,1
花木兰,谢谢你们的鱼,只想融化在刘亦菲坚定的眼神里面，整个观影过程非常享受，不觉得有什么被冒犯的地方，相反的，有外国人用如此高昂的预算重新讲述一个中国故事才是真正的民族自信，也更能理解迪士尼为何如此有底气拿着本片上流媒体了，绝对能够回本，而且会让全世界的观众都知道一名叫做花木兰的女战士在男性的世界赢得了尊重。个人觉得本片和《神奇女侠》、《惊奇队长》是同一个体系的电影，那疯狂散发的女性魅力值得所有人赞美！,4,2020-09-11 22:09:55,23,0
花木兰,冰镇西瓜橘子水,等了两年的电影 说实话有点不及预期 bgm有点淡淡的 人物转变也有些突兀 感觉没有铺垫的那么水到渠成 情感没有动画版饱满 但是风景和打斗一流 木兰和鸿辉还有仙娘都很好磕 最喜欢木兰提水到山顶那一幕 眺望远方 仿佛拥有了整个世界,4,2020-09-05 07:58:18,26,0
花木兰,龙太子🐲,豆瓣评分不高，是因为国人不接受这样的花木兰。but我想说，这是拍给世界看的，而且只是起名叫花木兰，国人带有一种乱改中国历史的感觉，如果不叫花木兰，叫李金兰，这评分就上去了。菲这波演技也是真的豁的出去，细节很到位，而且请注意，这是迪士尼，不是央视纪录片,4,2021-01-17 18:11:19,27,0
花木兰,_已尔,对不起迪士尼  但我实在忍不住看了db    想为此正名  国内上映再补张电影票    色调确实是不符合国内大众审美 有点阿拉丁的感觉   但大多对刘亦菲的确实有很多偏见  如果换个演员评分肯定会高很多 自我感觉比隔壁信条好多了  但是耐不住刘亦菲黑粉多 时间会为此证明   就像当初大话西游   四星综合差评……,4,2020-09-05 13:02:47,19,0
花木兰,Autumn,规规矩矩的商业片，该有的都有，却没有将主题沉下去，就那样悬浮着。木兰一袭红衣策马奔来，太飒太帅了。女性因为同处弱势，互相帮助，虽然略显仓促，还是蛮动人的。为了刘亦菲，以及没有大幅增加的爱情线，多给一星。,4,2020-09-04 23:51:03,17,0
花木兰,奶茶妹妹,和朋友一起aa付的D➕费用哈哈哈哈哈，没办法实在太需要新电影了，而且充会员还能看其他漫威的电影感觉不亏。看完就觉得挺爽的，不是压抑的那种，要是更好笑点就好了，合格的爆米花片，至于和其他公主片的对比，怎么说呢我觉得不如阿拉丁好看，但是比灰姑娘好看（这么多年不知道为什么灰姑娘评分反而最高，是我太俗了？？？），忍不住想要是有歌舞怎么样，可能会不伦不类吧，但是估计更创意一点。,4,2020-09-04 23:38:59,14,0
花木兰,猛汉世雄,疫情以来第一部在电影院看的片，带了一星的期待来看的，其实没那么烂，当然跟好也不沾边，就是迪士尼真人版公主片一贯的水平，我觉得好看度比前几部甚至还强一点，前几部我都给三、四星，这部当然也给四星。花木兰都城的场景是妖猫传里的，我对妖猫传的场景记得巨清楚，这两电影绝对在同一个地方取过景。不过花木兰的逻辑基本没有，对中国观众来说文化方面的槽点也非常多，我倒是可以接受，因为我是浸淫在港产古装烂片里长大的观众，迪士尼这种历史文化隔膜根本不算什么。我最纠结的是花木兰到底骑了多久的马才能从有土楼的地方来到看得到雪山的地方，马居然没被累死真是千里良驹（BTW李连杰的白马好好看，好像荒野之息里换过马鬃和马鞍的漂亮马）。以及巩俐这个角色根本没必要存在嘛！凤凰也莫名其妙，这凤凰除了烧掉点特效经费以外没任何作用。,4,2020-09-13 17:25:22,20,0
花木兰,平凡的熊猫,2星的好莱坞重拍片~2星给刘亦菲~甄子丹堂堂将军打仗使的什么花拳绣腿功夫。。。,4,2020-09-04 20:42:03,23,1
花木兰,新时代男性,故事讲的很完整，剧情也中规中矩，很适合家长带小朋友看，代父从军的戏码看几次还是觉得很感动。,4,2020-09-04 23:52:56,17,0
花木兰,浮梦,基本逻辑是有的，工整平稳的叙述方法，是及格的商业片，毕竟是外国导演和外国编剧，可以稍微忽略一些尴尬的桥段。,4,2020-09-04 23:52:41,16,0
花木兰,小宇@白兰地,看的时候旁边坐了两个阿拉伯小姑娘，看得出她们很受感染。设定自然是东方主义的，内核还是好莱坞。用这样一个故事传递女性自我觉醒、接纳并最后获得力量的过程，非常成功。刘亦菲的表现也非常惊艳。根本没看出李连杰…… 9/4 @ VOX Abu Dhabi Mall,4,2020-09-05 00:33:06,14,0
花木兰,Camilla,6-6.5的样子，但说实话打分这么低是不是有点过分了，真搞不懂豆瓣国产电影和这种带国人的电影评分，低的可怕，真他妈恼火。神仙姐姐这么好看！！而且作为动画片真人化完全合格啊，打戏也很到位，怎么都值6分。哼！二代妖精我都能看！而且这种父亲角色塑造的也很成功，花木兰也没有强制爱情戏码，英姿飒爽得它不香吗！,4,2021-09-25 10:36:48,25,0
花木兰,声色画报,只能说是年度最大的政治和疫情等多重打击的牺牲品，实际作品不赖，我甚至有两处被感动到。作为好莱坞商业作品，毕竟是架空历史的，有些人在意那些细枝末节的真实性完全没必要。其实故事很成熟，是现在流行的女性崛起题材，各方面都不错。中国元素运用巧妙，比如片头迪士尼城堡也放到了华夏大地，忠勇真孝会成为纹身大热文字，土楼成了最热取景地之一了。,4,2020-10-11 13:02:00,11,0
花木兰,风筝在阴天搁浅,有一说一，我觉得还可以。是一个正常的商业片。中间花木兰的转变，女巫的反水有点突然，除此之外就挺好的，编剧的锅.而且我觉得刘亦菲演的也不错，希望她的事业可以更好吧！,4,2020-09-11 02:24:49,18,0
花木兰,尘辰,那么多低分，难道是形势？我看放在当下院线的影片中比，优于90%。一是剧情完整顺畅紧凑；二是剧景画面极其优美；三是刘亦菲对花木兰的演绎很好，无论内外；最重要的一点，爱、责任、平权……关于人性中美好的诠释，很完美,4,2020-09-11 08:43:13,12,0
花木兰,fina,巩俐代表的是很有能力却没有出头之日的女性，或许是因为她不够勇敢坚定的接纳自己做自己。但是刘亦菲演的花木兰在那个时代做到了，这是一部鼓励女性独立自我的童话电影，用中国文化去要求，有点严格了,4,2020-11-16 01:53:46,18,0
花木兰,Jane,剧情和细节上，的确尬点不少，但作为老美拍的中国古装戏，再加上迪士尼真人版一贯的但求无过的思路，平心而论，已经算是很用心了，再多就是奢求了。演技方面，没想到天仙和大反派是表现最好的，倒是巩俐全程一个表情不知道什么情况。多一星给开窍的天仙，本片可以算是天仙的电影代表作。,4,2020-09-05 06:40:18,11,0
花木兰,yoho,这高分为的是在如此内外交困的环境中，我们的国家面临着诸多的质疑和误解，我们依然从这样一个方面看到我们的国家的骨子里饱含着至善的力量，我们依然愿意相信我们自祖先而来对于国族的感情，对于家庭的坚守，甚至出鸿蒙自文明始，女性意识萌发的力量这些诸多闪耀的存在。尽管在美国式的包装下，我们也能感受到尊重的意义，这何尝又不是一种信心的内在力。或许我过于夸张了电影传达所及，但是在这个我们被过分妖魔化的世界里，我们又何尝不可以戏剧化的回击，无论是传奇，是神话，是历史，是内在动力，是外在表达。,4,2020-09-11 02:54:47,14,0
花木兰,Scarlett,4星吧，一部外国导演拍的中国古代故事的英文片，在大马看的，英文配音有点违和，中文配音应该会好点，没看过98动画版，节奏有点快，有些细节没讲清楚，中国历史故事出现女巫这种有点违和，气什么东西，全程懵逼。其他都还好,4,2020-09-04 23:53:10,14,0
花木兰,三个宝宝,分数没有那么低吧，女性帮助女性，挺为巩皇最后温柔的目光打动的，甚至看出了CP感。没有太大惊喜，但是及格是肯定的。,4,2020-09-11 02:44:34,17,0
花木兰,Andres_C,违和感是有的，不过真的还不错，完成度挺好的，改编的地方也算合理。刘亦菲真的挺拼的，配角们也很不错，不抢戏但有亮点。镜头处理的特别花哨（甚至有点过于花哨了），不知道为什么有阿拉丁的感觉。其实说不上是满分作品，而且英文版很多地方真的挺尬的，价值观也是中华传统和美国政治正确的杂烩，但是说不好为什么的看的热泪盈眶的，所以确实是能打动人的片子吧。片子本身值4星，不负期待情感加成给五星…想再看一遍中文配音哇…,4,2020-09-04 19:51:47,6,0
花木兰,不加洋葱谢谢,固然是极美的转场镜头剧情推动大场面描写眼神表情差点儿意思,4,2020-09-04 23:59:12,14,0
花木兰,中华田园做题家,期待了好久，终于看到了。虽然没能在大银幕看到，但相信以后会有重映的机会。对剧情的改编比较多，节奏比较赶，人物逻辑和剧情逻辑都存在漏洞。但整体还是一气呵成，尤其刘亦菲太过出彩。不喜欢的是Set Building的痕迹太重了。花家村应该就是新西兰搭的景吧。而且整部影片太过迪士尼太过PG，甚至还没有星战来的Gritty.但瑕不掩瑜。最有意思的是对气Chi的概念植入，也解释了花木兰为什么那么碉堡，这里对Chi的概念几乎和星战里面对原力的概念一模一样，甚至甄子丹还来了一段对白、旁白解释气Chi气是什么，台词和帝国反击战里面犹大对Luke解释原力是什么极为相似。旋转镜头用的像温子仁一般。希望国内票房大卖！！！,4,2020-09-05 01:15:54,9,0
花木兰,没有糖分会死的,呜呜呜神仙姐姐好帅！巩俐拿的王子剧本吗,4,2020-09-05 00:11:02,14,1
花木兰,doki,"我觉得作为商业片很合格，比沉睡魔咒等好看多了，除去英语配音外，也是对中华文化一次很好的输出。视觉享受，也有感动的点。
就算影片有瑕疵，刘亦菲也会爆，她的银幕形象人格魅力太强了，演技也没落下。
表演：刘亦菲＞巩俐＞＞郑佩佩＞甄子丹＞＞李连杰",4,2020-09-04 22:59:03,11,0
花木兰,阿纳内,我觉得很好啊不太懂为什么那么多恶评，吐槽花木兰有超能力什么的是不是看不懂童话，刘亦菲表现也很不错啊，很勇毅。就是配角们的长相有点外国人看中国人的审美标准，中国人角度看来觉得不太好看。作为童话故事很可，也很令人心潮澎湃。,4,2020-11-28 10:23:53,11,0
花木兰,余竹,战士也能是公主，女孩子也可以有自己的位置，这就不能低分。但是拍的太浪漫了…,4,2020-09-05 10:08:52,10,0
花木兰,米  米 ,"7.6，给四星是因为肯定会被嘲，想拉分罢了，分清楚是迪士尼就好了。

不黑不吹，超过预期。还是迪士尼的东西，却没有坑中国的东西。天仙成功上升到迪士尼中国公主的位置。朋友圈宝妈们，大胆带着小公主们去刷迪士尼的中国公主吧。原谅老夫还有颗少女，公主心吧[Emm][Emm][Emm]那么问题来了，花木兰没唱歌，还是公主吗？[偷笑][偷笑][偷笑]
",4,2020-09-04 22:59:40,9,0
花木兰,我跟你不熟,"看的国语版 整体来说挺不错的 虽然剧情有些不合理 但是挺连贯的 女巫角色的增加可能是和女主有产生共鸣吧 加的挺好的 就是那箭射的太离谱了 刘亦菲披着头发太美了 演技也出乎意料的棒啊 分数不至于那么低 ",4,2020-09-11 02:28:21,16,0
花木兰,19.33,整体还可以啊，立意还蛮女权的，武侠魔幻向，雪山红衣那段挺美的。假设中西方最初的语言起源碰巧互换了，那么一堆中国演员说英语也不会很怪。只是最后和反派的大决战还是生硬了点，巩俐这个大魔法师死得也太扯了吧，游牧民族的统领被杀了爹怎么还这么磨磨唧唧，一刀杀了皇帝可好。皇帝老儿年过六旬还身怀绝技秉公为民这种人设，只有老外才会想到了吧；孝=dedication to family，简直重新定义了“孝”哈哈哈哈，冲着这两点加一星，请务必带着全家去看XDDD,4,2020-09-06 09:39:55,6,0
花木兰,loveisatouch,我就想磕巩俐和刘亦菲，听说她俩还有删减的地方？迪姬尼快放出来吧,4,2020-09-05 07:25:06,9,0
花木兰,植脂末仁波切,刘亦菲一星，唐辰瀛半星，电影两星。整体来说很适合全年龄看的迪士尼电影，充满了外国（西方）眼里的中国（东方），包括“气”的诠释，也许不是真实的中国，大概是马可波罗眼里的中国。打戏就是很适合小朋友看的打戏没什么大问题。凤凰替代了木须龙，有点可惜。但我个人还挺喜欢的……对了 姚（唐辰瀛） 真的很可爱！,4,2020-09-06 02:13:29,7,0
花木兰,抖啊抖,"光是全亚裔卡司迪士尼真人电影就蛮有意义了 我觉得挺好的啊电影版更女性视角也更认可女性力量 小朋友看了也会觉得花木兰很酷吧 至少比很多其他迪士尼真人动画改编要好看 刘亦菲真是太美了演得也挺好 就是场景道具比较潦草了 ",4,2020-09-11 23:20:12,7,0
花木兰,夏生,美国人对中国风一定有误会，背景老喜欢挂灯笼，而且服化道总是没法遵循历史背景，他们分不清隔了几百年的汉唐，永远停留在各种中国元素堆叠的幻想当中。但我能理解这种偏差，就像我从来分不清中世界与工业革命后贵妇的服装差异一样。我们对欧洲的想象一如美国对中国的想象一样杂糅。抛弃这些让国人不能适应的因素外，电影的节奏不错，刘亦菲的演技也是合格的，华人女演员里少有的刀马旦，打斗动作干净利落。不知道这部电影为什么要被打成烂片？,4,2022-06-18 14:52:36,26,0
花木兰,Chandelier,看到巩俐私聊木兰，以为这两人要出道成团了。。。美国的评分还不错，这是女性觉醒的故事。用中国的故事激励更多人，这就是意义啊。要完美展示东方文化，中国干嘛不创作自己的电影。支持迪士尼中国公主了！,4,2020-09-10 13:20:22,8,0
花木兰,BIBO,当你看到多数人都在一边倒地评价一个事物或者疯狂地朝着某一个方向前进的时候，你就该提起你的警惕心了。正常情况下我觉得这部电影值三分，但是今年情况特殊，多的一分打给我需要提起的警戒心。都什么时代了，“黄皮白心”这样具有严重种族主义倾向的狭隘文化观竟然还在成为一国之民众审判文学艺术的标准。这本身就是大悲哀，也是一个可怕的事实。,4,2020-09-12 00:19:15,7,0
花木兰,andgoal,有优点有缺点，总体还是值得推荐的。优点：情感细腻，故事流畅工整。缺点：有几处情节槽点，着重表现中国传统的服化道一言难尽，就像当年梦工厂的《功夫熊猫》系列一样，外国人表现出来的中国文化总有些违和感。总的来说是一个古装包裹下的现代女性自我独立的故事。,4,2020-09-05 10:41:34,8,0
花木兰,永远热泪盈眶,东方的表现方式，我是看腻了的。刘亦菲可以，负责串联，三个大咖互相没有对手戏。这种商业片，至少我看着不乏味。,4,2020-09-14 07:38:51,6,0
花木兰,豆友1143429,有些中国观众也别太自作多情，因为Mulan毫无疑问是个美国电影，它虽然取材自中国文化，但讲的是一个原汁原味的美国故事，人物的思考行为方式都是正宗American。迪士尼一向是采撷世界各国文化为我所用，但它的配方是恒定的，故事传达的都是非常简单质朴普世的道理，要勇敢正直，要对朋友忠诚，要对自己诚实，女性的价值远不止于外貌，她也可以成为战士，重视家庭，选择做对的事等等等等,4,2020-09-12 09:15:26,7,0
花木兰,ᴅɪᴇᴛ ᴄᴏᴋᴇ,没有那么烂吧...这个故事的内核讲清楚了。取景地太美了，几乎是小时候看过的动画版的精简翻拍了，除了“木须”以凤凰代替该有的都有了。刘亦菲的表演没什么问题，角色本身又不是什么特殊群体，巩俐的角色也挺Reasonable，为柔然敢于以少犯多做了铺垫，使故事内核更加简明。慕名而来，好像也没有败兴而归。,4,2020-09-05 10:23:39,11,0
花木兰,楚人不留香,这片又不是为了中国人拍的，花木兰是中国的，而木兰是世界的，本片定位本来就是合家欢低龄向，加上奇幻风格，讨喜的人设，这些都达到了。妥妥的工业化商业及格片，4.几太低了，我打分在6.5-7.0,4,2020-09-11 13:03:44,7,0
花木兰,河童（Ojas）,1:55:08。四颗星全部给剧本中女性主义的部分。从女性主义角度看这个电影有相当可取的部分。编剧就如同两个分裂人格，一方面把女权部分诠释的非常棒，另一方面又相当的父权。但是父权的部分诠释的确实到位，不就是他们的“面子”。站花木兰和女勇士的CP呀。结尾真的失败。片尾做的好。片尾曲两支歌词蛮好。让郑佩佩演媒婆简直是到位，她本人就是夫权的极致拥护者，明明又美事业又好，婚姻把她毁了。故事本身其实太简陋。一直不喜欢刘，这里演员没一个喜欢的。场景师是看了大鱼海棠设计的村子吗？想想木兰最后如果不走感情线这个故事也是很好的。,4,2020-09-06 12:44:49,3,0
花木兰,郑乔尹,我不知道为什么猜得到结尾的故事还会去看。因为人生重要的是过程。迪士尼的道具真不错。,4,2020-09-05 05:53:21,7,0
花木兰,Chatoyant,看完了花木兰，只想说，这片子没有那么烂，6分还是有的。之所以很多人觉得烂的原因，1.没有找准定位，你说不符合史实，胡乱改编，那好，试问这部电影的拍摄方，投资方是谁，版权归谁？答案是迪士尼。花木兰是迪士尼公主系列，迪士尼是什么？童话。这本身就是基于故事改编的再创造，它为什么要符合史实，为什么要现实？2.美国那么多个人英雄主义电影你们都觉得可以接受，为什么花木兰这一女性个人英雄主义不能接受呢？非要跟纪录片一样的拍法？毒液不也很扯，漫威DC哪个系列没有主角光环？速度与激情那么主角光环的电影，不也一片叫好。3.如果真的要说符合逻辑，符合现实。那你们一开始就应该喷动画版，木须龙的存在。现实中有这玩意？4.花木兰电影不是根据木兰辞或者历史故事改编的，而是根据人迪士尼自己的动画片改编的。,4,2020-09-14 13:35:38,9,0
花木兰,金斑灵猫,观影感觉略复杂，作为一个老外拍的中国故事，我觉得导演和编剧真的尽力了。他们按自己的想象构筑了这个故事，并且努力的赞美了他们解读的中国传统美德，如：孝，勇，忠，真～～他们还设计了很多帅酷的打斗镜头来赞美中国功夫。他们还认真的研究了对镜贴花黄，努力的想还原古籍记载的妆容。然后，被中国观众骂成了狗～～～心疼一下这个4.9分。ps：昨天和闺蜜争了半天，她觉得花木兰是垃圾电影。从头骂到脚，然后再从脚骂到头，觉得这部电影每一个毛孔都透露着恶心。我就觉得也没到这份上，人黄毛能拍出这水平也可以了，何必这样骂人家,4,2020-10-03 02:29:57,9,0
花木兰,米木,我就想问，这比阿拉丁之类的差在哪儿？哪儿都不差呀！,4,2020-09-11 21:15:10,7,1
花木兰,CzechPotions,花木兰2020我觉得可能是我近几年来看过的迪士尼真人改变最成功的一部。初看你可能会觉得怪异，因为服化道和动画版的出入好像有点大，但后面这部电影所要表达的，反抗父权社会，反抗强权，消除性别歧视的束缚；还有很多细节上的表达，比如说守护神从龙变成了凤凰，“女巫”所追求的理想，女性过于强大便会被说成是女巫……这些都很深入人心并且毫无违和感。这是一部女性主义且宣扬平等的电影，看着木兰万里赴戎机，我只想说一句：“谁说女子不如男！”,4,2020-09-05 02:56:36,9,0
花木兰,陈尘,dbq没忍住还是看了盗版，我有认真看！观影体验比上一部三生三世好！有槽点，比如小木兰那个吊威亚痕迹特别明显！估计最终效果也是那样，还蛮尬的，李连杰皇帝这个皇帝角色有点尬，居然会武功，穿的也让人尴尬，为啥溜肩痕迹那么明显？但我觉得巩俐的仙娘还可以，我是看出来仙娘的矛盾与最后牺牲自己成全木兰的心理过程了。男主戏就，不功不过吧，没有啥亮点的，甄子丹董司令戏份还可以。从军前与父母妹妹的戏份总觉得有点仓促。其实，最大亮点，也就是刘亦菲的花木兰了，军队装扮包括男声都可以，女儿身装扮也是很美的，所有配角都是服务于花木兰这个角色，果然迪士尼大女主。最后也没必要特别强调“孝”字家族荣耀什么的，证明自己也可以也许更好。9.12日，国语版体验比英文版要强很多👍6.5～7/10,4,2020-09-06 10:24:27,4,0
花木兰,Vincent_GaoHJ,刘亦菲真的杀我。那鼻梁的弧线，在大荧幕上真的绝了，导演也很会，频繁给侧写，第三排中央观影效果极佳。剧情就不讲了，且无力吐槽。本来以为是当窗理云鬓，对镜帖花黄。出门看火伴，火伴皆惊忙。结果硬生生看出了富贵不归乡，如锦衣夜行。除了结尾，死活也没想明白巩俐为什么会接这个角色。不过没关系，刘亦菲战场摘下发套的那一刻有击中我。看到一个博主评论：即使对于中国人来说这部电影也充满了异域风情 。,4,2020-09-05 00:28:25,9,0
花木兰,kunlee,30美金的超前点播...可能是我期待太高了 优缺点都很明显的一版花木兰 优点当然是武术编排和画面 雪崩那场戏尤为突出 缺点则是我没有看到木兰的成长 她对自我身份的认同过程太潦草了 我完全无法和她共情 最后被剪掉的动画版桥段的确对剧情有影响 7/10,3,2020-09-04 17:14:36,5285,0
花木兰,新酱,仙女姐姐好美，歌好听,3,2020-09-04 17:47:33,1227,0
花木兰,MogulKahn,今天Disney+首发，198大洋线上看，伴随着English cc字幕，别提有多爽了。3分献给我的198块！,3,2020-09-04 19:20:17,749,0
花木兰,芦哲峰,是很一般，但分低了。看迪士尼就像看童话故事，不能太较真细节，童话故事若较真细节，都是假，但小孩子们就是会信会喜欢。同样道理，花木兰这类故事，如果真的去较真的话，你说一个女人，长期女扮男装混迹在一帮男人当中，却能不被认出，难道周围人都瞎吗？我觉得只有一种可能，该女子长得五大三粗、肤黑貌丑，所以，意淫花木兰、祝英台这些能够女扮男装，却又长得很漂亮的人，可以休矣。最后，啥叫文化输出，这就叫文化输出，能让别的民族，去拍你民族的故事。这方面，我们常年输入，偶尔输出，值得鼓励。,3,2020-09-07 06:43:45,380,0
花木兰,安德鲁加菲猫,前面部分总感觉在看亚洲地区的电影，不过在说别人为什么说英语的同时也得想想自己的IP为什么不能自己拍。迪士尼还是牛，自家的风格仍然保留也没有太严重的水土不服。,3,2020-09-04 18:31:09,118,0
花木兰,哪吒男,不知道为啥 剧组透露出穷穷的味道 花木兰好像一共才四个造型 反派群戏没超过20人 动画版全城灯会的桥段也删了,3,2020-09-05 23:25:10,27,0
花木兰,妖女,这个片，尴尬到让我想起那部木乃伊3……就可惜了这么好的演员，但是这个古怪的发音，这个一言难尽的剧情，预测豆瓣分数落脚点6分不能再多，刘亦菲真好看，两星给刘亦菲。,3,2020-09-04 17:31:22,34,0
花木兰,子哉,有点流水线产品的感觉,3,2020-09-04 18:13:33,41,0
花木兰,迷宝,可能墨西哥人看寻梦环游记也觉得挺好笑的～,3,2020-09-09 21:15:30,31,0
花木兰,虾坨坨艺仔,迪姬尼名不虚传啊，巩俐和刘亦菲对手戏需要贴得这么近吗？虽然有1000个不满意的点，但是看到98版木兰介绍新木兰出场的时候还是挺感动，亚裔电影太不容易了。以及这不比沉睡魔咒2好看么？？？,3,2020-09-06 13:15:02,24,0
花木兰,SalmonYu,没劲,3,2020-09-04 17:37:27,30,0
花木兰,Momo June,天仙眼神真的不行 真的不行 （忍不住再说一遍）真的不太行 太呆滞了 剧情嘛看着看着忍不住WTF了好几回 不过讲道理哟 花木兰难道不是应该跟巩俐那个角色在一起吗 毕竟同类人惺惺相惜 整体嘛。。就 O....K? 三星嫌多两星嘛或许还不至于的那种【想了一下亚裔真的不容易 但是这片子太尴尬到吐血了 哎算了算了还是保留三星吧 友邻们多帮我骂骂那些白人,3,2020-09-04 21:37:05,33,0
花木兰,自在渍,"🤷🏻‍♀️什么玩意儿！导演真不行，亚洲刻板印象集锦，剧情坍塌得只能哄小学生，可惜了这么好的IP 
（作为天仙的颜粉，被片中造型丑到 还要安慰自己：这灰头土脸的素颜 也就我们刘亦菲能扛住）
",3,2020-09-05 15:32:37,22,0
花木兰,羽遇雨,选景和造型和想象的几乎一样，值得表扬。而更重要的故事，讲的不伦不类，个人觉得是西方人不了解中国文化而妖魔化的产物。再说这女一，虽说隔行如隔山，改行很难，但演戏对你而言更难，不是吗？,3,2021-01-29 17:42:44,0,0
花木兰,Sophie  Z,前面都把Chi当作原力处理了，不如干脆拍木兰版Rogue One还高级一些。,3,2020-09-06 09:40:04,14,0
花木兰,巴黎草莓不烦恼,女神打戏太帅了 五星好评 服化道拉胯扣两分,3,2020-09-04 18:21:24,35,0
花木兰,加州站街男孩,本就是左宗棠鸡，你挑啥不正宗。那个安柚鑫笑起来怪好看,3,2020-09-06 14:28:03,10,0
花木兰,王食欲,明白了，这是个女巫练气功的故事。,3,2020-09-06 19:57:57,13,0
花木兰,图图,刘亦菲就应该和巩俐联手打天下啊,3,2020-09-04 20:04:05,24,0
花木兰,扭腰客,就真实还原【木兰辞】中的直男癌情节、军队龙阳之晦、女德势力壮大，其实还原得相当好；还有就是，做迪士尼动画和做迪士尼真人的团队，应该是三观彼此不和的两拨人,3,2021-01-26 10:22:56,9,0
花木兰,巴喆,“女巫”、“黑魔法”这种老盎格鲁的词都出来了。编剧要么对中国只懂皮毛，要么是另眼曲解。且不说这标准的美音和其时的中国南北朝有多不和谐，就这样的西方眼中来看中国封建王朝和家庭是格格不入的，因为中国的平民百姓从来就没有像里面这样精致这么自主过，所以看起来就像是看迪斯尼式古希腊史诗神话。【忠勇真】，这也纯然西方的价值观，跟古代征壮丁完全两样。巩俐这个角色可以看做是女权的一点呐喊，突然被口盾弃暗投明也太莫名了。李连杰这个皇帝正面决斗这根本就是英国绅士的传统好吧~_~！唯二的看点，一是大远景大西北地貌之壮丽，以及CG还原的大都城和实景结合尚有那么些古都的庄严雅致，二是刘亦菲，太酷了。5.6,3,2020-09-05 12:08:25,10,0
花木兰,文东子,前面三分之二可以三分，但是后面进宫后就全程崩溃，感觉编剧已经进入自暴自弃状态，无法评分。但是拍出来真的超级爆笑，所以纯粹就“可嘲笑”的娱乐价值来讲，还真是仍然非常值得一看的。此外认真多说一句：花木兰的故事虽然被拍过好多次了，但形象一直被设定成非常传统的“女性”样子，也就是说，绝对是首先要是一个大多数人觉得“好看“的女人。然而混在战场上跟男人都分不出来，又怎么可能是那样子呢？只能说商业片到底还是不会太敢于突破吧，所以这部表面上讲”女性意识觉醒“的电影，实质上仍然是在做一种生硬的讨好，讨好大多数人以便赢得市场，讨好”正确“以便完成”觉醒“的叙事，哪怕人物行为都莫名其妙了…… 所以啊，这其实还是一个花木兰的故事没办法让人信服地讲述的时代。,3,2020-09-05 23:21:10,13,0
花木兰,王小叶儿,不好说刘亦菲一定是最完美的花木兰人选，毕竟宇宙这么大，话不好说太绝对，但单就地球（排除平行时空）而言，目前很难找出第二个比她更合适这个角色的人了。成片不说多好看，但也远到不了难看。四平八稳标准化的迪士尼公主成长之路，且期间颜值一度爆表把标准线粉碎得模糊，除了武打少了些武侠风的空灵，战争场面不够大气，部分服装非常违和——这些由西方幻想式东方审美下导致的很多不适应，成片整体在好莱坞同类型体系里并不露怯。看到很多差评的说法，我恍惚间明白了国内叫好的电影去国外个保个扑街的原因。不说审美高低，但审美绝对不同。此外也请理解下西方的民主科学的基因，对于不了解道、功夫、武侠、气功、天人合一、奇经八脉等的他们，这种程度的东方玄幻已经是顶天了，可也许你们要看的是古代女版奇异博士吧。,3,2020-09-06 21:50:31,8,0
花木兰,猪大腿,谁想的让花木兰她爹叫花粥，你咋不让他叫花花华晨宇呢...,3,2020-09-05 10:12:12,8,0
花木兰,451½°F™,「美式价值观」比国人更热爱花木兰，尤其在当下「女性主义」强调独立自主的今天，而迪士尼的保守主义则维系了女性主义与传统的「折中」——用「皇权」来表达传统「正道」，用「女巫」来界定「女性主义」张扬的边界。此外美国人对「气」的迷恋和误解还停留在19世纪末，而郑佩佩未来可以出演真人版的《天书奇谈》。,3,2020-09-05 17:08:41,7,0
花木兰,紫苏バジル,连夜看完，只能说是中规中矩。不过这么多年了，刘亦菲依然可以保持这种透明的少女感，真的好厉害><,3,2020-09-04 23:33:35,5,0
花木兰,张苑希,1.以西方视角来拍中式内核的传统文化故事，魔幻色彩自是更重了（对气的诠释、女巫）；2.特效和打斗还可以，叙事平稳流畅，与动画版相较不会有大惊喜，无功无过的改编，着重刻画了父女情；3.女巫：男权社会掣肘下的反叛者和指引木兰寻回自我归属感的领路人，功能性略强行为动机也很突兀；4.吉祥物木须变守护神凤凰，乐趣虽少了但象征意义更浓厚（涅槃重生），没和以往公主片一样尬歌尬舞好评；5 .平心而论天仙的表演不算拉胯，整体发挥在及格线以上。,3,2020-09-04 23:59:46,5,0
花木兰,不知冰舞,什么鬼……花木兰就演出个“木”，这次滤镜碎的彻彻底底，打三星我都嫌高了系列……,3,2020-09-11 08:53:33,15,0
花木兰,叶洲,基本符合预期，摄影和美术赞，故事虽幼稚但流畅，三观正，笑点有点尬。人物方面，木兰是个发现自我的神，而不是成长起来的人，这是一个缺憾。至于各种文化细节，是一部美国电影，木兰故事本来就是浪漫色彩浓厚的扯淡传说，你还要纠结原力土楼对联太极拳？那我国国师的《长城》是什么玩意儿？刘亦菲形象挺好的，扑克脸适合这个角色。所有人加起来都不是巩俐对手，只能用她想死来解释。最震惊的是看完全片也没没认出李连杰。,3,2020-09-07 11:19:21,9,0
花木兰,nydzy,"1.刘亦菲红衣长发在雪中骑马绝美！
2.虽然电影和中国传统花木兰的故事大相径庭，但是电影本身不难看。",3,2020-12-20 16:53:54,12,0
花木兰,淋,如果没有巩俐，我大概会想把电影院砸了,3,2020-09-11 11:56:39,9,1
花木兰,阿措,巩俐姐姐也太惨了，作为一个大反派，被两句“你可以的！”就策反了，这平时是得被打压成啥样，一句鼓励话都受不了了。,3,2020-09-18 20:33:56,7,0
花木兰,帅的让人生气,三星都给刘亦菲,3,2020-09-04 23:58:49,50,1
花木兰,🌰,和原版动画的connection好弱，主题曲在正片中就飘忽的出现了两三次，chi是个什么玩意儿啊动画里有吗？？刘亦菲脸还是好看的，反正看完也不能说多烂但就是有点无聊，外加心疼银子,3,2020-09-04 19:18:22,9,0
花木兰,傻乐的猫,其实大家忘记了。卡通版得木兰就是个美式的tomboy，和中国没啥关系。零期待所以看得下去，不过看天仙个巩俐得对手戏觉得，如果是年轻的章子怡演会好很多，天仙气质太娘了。,3,2020-09-07 21:06:15,5,0
花木兰,張肆囍,太…玄幻了…跑偏的略严重啊,3,2020-09-05 15:54:04,6,0
花木兰,RYZ,刘亦菲好看，可演技还是那么令人捉急，被巩俐吊打太尴尬😅,3,2020-09-05 18:42:13,7,0
花木兰,17950,作为一个合家欢翻拍很失败吗…可能是时代变了吧…抛开意识形态和价值观，就只有转折比较突兀吧（反正我是觉得花军变木兰之前还挺下饭的），一个儿童片把观众当小朋友没毛病。总比把观众当白痴的自慰商业片要好吧。没错，我是真心觉得花木兰比信条观感友好…,3,2020-09-12 20:30:53,6,0
花木兰,岩井俊七,不知道如果我说还可以会不会被踹出去啊，好像真没预想中那么不堪入目，不就是迪士尼行货嘛！情节简单，价值观真善美的那类；众多眼熟的致意元素，耳熟的经典迪士尼老歌化用的选段，仿佛陷入了一场跨越十多年的怀旧之旅，刘亦菲浴火重生扔掉铠甲、解开长发，妥妥滴就是当年动画片重现嘛；另外这真不是啥展现中国文化博大精深什么历史片，只是一部米国人眼中的东方世界的架空片，就如同他们拍阿拉伯人拍萨米人一样，不要自己凑上去往被污辱被损害的坑里跳，记住这只是美国片而已。赶脚米国的制作者们看到评价如此之差要委屈了：我们明明只是想进一步跟随如今女性时代潮流讲一个勇敢的替父从军又报效祖国的好女娃的故事嘛，为什么会被骂那么惨啦！以及再怎么样海报真的太难看了，救命啊,3,2020-09-09 21:56:01,7,0
花木兰,潮汐观察员,1. 刘亦菲的英文台词竟然真的不错，但是面部表情好木。虽然形象上符合木兰，演技还是差一截。2. 编剧究竟有没有读过木兰辞？难道木兰内心的觉醒是靠一只塑料质感的凤凰？又或者是女巫（到底为什么必须出现一个女巫？）的三言两语？3. 狗迪出品，万万不可以有真正的同性恋，但绝不对放过打擦边球的机会。4. 李连杰和甄子丹俩打功夫巨星摆在这就比划这么几下，大材小用。5. reflection不管什么时候都是这么好听。6. 全员说英语，木兰一个北方人住福建土楼，四两拨千斤说的是ounce和pound这种不伦不类没做功课的地方也很出戏。7. 全片弥漫着过时的气息。说是十年前的电影我也信。,3,2020-09-04 20:26:22,8,0
花木兰,T.V.Zoe ி,哎……即便不去苛求常识和文化差异那些     就你迪的水准没想到抠像和打光这么差   动作戏更是一塌糊涂 明明刘亦菲是能打的  你们拍之前就不能问问成家班问问正宗的武指？当然刘亦菲演的是没什么好  但她真的好“干净”这么多年了她还是能保持这种干净太神奇了💁🏻‍♀️最后找一个夸的地方吧  音乐还是OK的,3,2020-09-05 14:47:58,5,0
花木兰,羚羊的灵魂,属于一般的电影，优缺点都挺明显的。和动画比较的话，魔幻程度有削弱，真人版更严肃一些，但依然魔幻的很违和。不过你要说一板一眼地拍个历史传记片出来，观众肯定也不爱看，这个矛盾点是没办法在真人版里解决的，在能力范围内已经做的算好了。再就是确实有赋予这个人物一些新的含义，比如她是主动承认女儿身的，其他影视作品大都是她被迫的。但是呢，动画版里的木兰是一个靠智慧征服大家的女孩儿，爬竿这个我超喜欢的情节给改没了。真人版这个“气”，说白了就是力气大。最最最拉跨的确实是刘亦菲的演技了，经常掉线。,3,2020-09-05 23:49:34,5,0
花木兰,♫欧德伯裔,先说前提。花木兰不是历史人物，之前所有影视化也都是“戏说”，拿「木兰辞」来吐槽真人版“魔改”就是耍流氓——既然是动画改编，咱就拿迪斯尼的原版动画来比。我的不满是：原动画最华彩的段落“祠堂割发出走”，是木兰这个人物得以成立的根基，然而真人版在这里居然一笔带过，原来的力量感一下没有了；原动画中木兰只是个普通人，她是靠努力而非天赋获得认可，靠巧劲而非蛮力取得成功，而真人版给木兰加了所谓“气”的设定，又设置了巩俐这个镜像角色，试图传达“气就像性别一样与生俱来，只有接受自己的女性身份，才能展现真正的力量”，可想写“自我认同”，不等于要把“后天努力”的情节全部砍光，好像啥努力也不要，只要自我认同就能涅槃重生——重大抉择没了，成长轨迹砍了，搞得木兰不像人而更像个符号。这才是这版改编最失败的地方。,3,2020-09-11 13:17:44,8,0
花木兰,kakakarl,看见奔走的兔子，蜘蛛，凤凰等动物的CG，才觉得删去“木须龙”非常正确，特效做的太差了，迪士尼没给够中国公主的预算吗？花木兰和她妹肯定有一个不是亲生的，妹妹长大后也太丑了。总觉得洪辉是喜欢男装花军，更爱花木兰的是女巫。,3,2020-09-04 20:01:49,11,0
花木兰,喻鸣,左宗棠鸡好歹也是肉！片子优点有不少，将跨文化题材通俗化最大限度地令全球接受；把两代“女超能力者”并置做价值观和命运的对比；没有乱七八糟的支线干扰，反复强调“忠勇真”凝聚主题；女孩从战士到领袖再到成为传奇，女性价值得以彰显。但木兰自身缺乏成长，她对“真”的理解、对自我身份的认同顿悟得如此轻而易举，而军营男性形象空洞，彼此无羁绊，他们的对女性身份的接受便意义匮乏。各种元素不伦不类，且不说用西方符号去套东方文化（仿造“原力”造就“气”），单就南北朝住土楼、皇城广场犹如议院、女人妆粉如涂墙这些视觉呈现而言，西方世界多年来对东方奇观的臆想真的毫无长进。,3,2020-09-05 17:40:21,7,0
花木兰,科学的京兆眉妩,自作聪明的地方太多了，整个故事支离破碎，还不如照着老版复制。,3,2020-09-10 02:51:28,4,0
花木兰,朝阳区陆依萍,"虽说不好看但也不觉得难看，起码比《信条》好看吧，《信条》是什么破烂玩意！

故事和主题整体看得很拧巴，但至少传达出忠勇真，女性不需要靠婚姻，靠自己也能撑起一片天，另外看很多评论吐槽到最后把落点到“孝”上，我觉得这对西方来说，四舍五入也代表了family吧，落在这也能理解吧。但是我很讨厌孝！

最迷思的是，2亿美金花哪了，整体感觉很穷很穷的样子，结尾大战也很奇怪！#刘亦菲真的很美很美，看到公主变身段落也算值了#",3,2020-09-19 23:50:59,7,0
花木兰,大唐咕噜,算是一次比较失败的改编。各种服化道细节非常出戏；原版一些玄幻元素如木须龙，祖先灵魂之类的换了种新的方式呈现，还引入新的的概念“气”，开头父亲要求木兰隐藏自己的“气”我一度跳戏到冰雪奇缘；女巫这个新角色和木兰算是惺惺相惜遇到同类的感情，但是之后死法简直是愚蠢且浪费；虽然正片听不到reflection这首歌，但倒影和伴奏无处不在，比较可惜的便是歌舞片段的删减。男主安佑鑫我真的一万个可以- ̗̀(๑ᵔ⌔ᵔ๑),3,2020-09-05 14:40:45,5,0
花木兰,Mamula,以为不加歌会有多大的改动，结果只是硬塞巩俐强行加女权，以及强行去掉挑大梁的木须换一个只有一帧作用的凤凰；而且去掉歌就少了所有情感递进和表达，主角配角都失去了性格，还不如不删；不过我错怪了CRA，巩俐这条线打的拳才明明更黑豹：只有在迪士尼电影里非洲才有一个强大的瓦坎达，也只有在迪士尼电影里鲁地才瞧得起女人（还让蒙古背锅）；真人版把这种观念和制度上不切实际的幻想衬着更讽刺了：三个字每次特写都令人尴尬，最后那个字尤其令人作呕；大反派选角和化妆都好棒！李连杰的鼻毛胡子让人挪不开眼,3,2020-09-05 12:27:49,8,0
花木兰,摩诃曼珠沙华,也是'照着动画片的大纲，不过基本和狮子王一样，不算成功,3,2020-09-05 21:37:09,3,0
花木兰,三千岁,一部标准的好莱坞流水线出来的商业大片，别揪着造型、布景、口型、故事不放，可以换个思路，从影片节奏、色调、结构、摄影等视听方面多揣摩。中西审美的差异不应该成为进一步理解并接受这部影片的障碍，电影改编得中规中矩，虽说无甚特色，倒也不至于差到如此地步。高潮段落确实有些无力，几段重要的打斗场面描写也没有完全铺开，结尾处皇宫和救驾的场景显得局促、单调。父权、皇权、女性的生存困境与独立意识等体现的很准确，也比较到位，别再喷老外不懂中国文化。影片有关“气”的理解看似笨拙、愚呆，其实是务实的做法。我们将“气”悬在空中，追求极致境界；人家则落到实地，强调功用和附加在人身上的生存意识。一个务虚，一个务实，并无优劣之分。,3,2020-09-12 00:15:12,10,0
花木兰,木秦,没黑的那么差 当然也不怎么令人满意 导演欠功力 画面倒是很美 而且配乐真的好几处还蛮感动的 就是高潮部分应该再多点打戏 结束的有点潦草,3,2020-09-13 13:14:45,6,0
花木兰,A Leng.,主题上偏向寻找真实的自己，作为父女，家国，女权之内更深一层就挺好的，现在搞了些怪力乱神的东西来强调这一点，就变味了感觉。但不得不佩服人家的工业，拍摄水准在线。动画片版永远是心里的白月光。,3,2020-09-04 21:03:22,9,0
花木兰,关雅荻,我觉得还行，PG13迪士尼公主电影，不指望更多，有些美化战争，我不多的不满意的点。。。其他的优点和不足，基本符合预期，没觉得是打低分（比如低于三星）的理由。。。,3,2020-09-12 12:15:35,5,0
花木兰,暴风速递,佩服一群古人的英语这么流利…,3,2020-09-04 23:53:16,6,0
花木兰,喵老师2333,基本上是照着动画版0.8倍速重拍了一遍。,3,2020-09-04 20:28:03,8,0
花木兰,ReMinD,刘亦菲是撑起了花木兰这个角色 甚至武打都很尽力完成了。这是好。外国人拍中国 或者说迪士尼拍公主 和我们的认知肯定不是一样的目的和出发点。 青少年电影 所以难免肤浅 虽说花木兰这个故事就是比较简单 但是魔改一些反派有点出戏 总之就是不吸引国人 看完就如白开水。 幸亏疫情吧 不如目测这样的品质在国内得扑 世界票房肯定远不及之前的同门 美女与野兽和阿拉丁。,3,2020-09-05 00:16:48,6,0
花木兰,🐈🐆🐅,2.5 最后怎么还是devotion to family? take your place啊baby! 巩皇都递出女权接力棒了，接住啊baby! 对女性地位的描绘还挺写实的，巩皇这么威猛还是要给男人打工，木兰浑身是chi还是要被男人肯定才能得到credibility🙂 刘亦菲还是美的，灰头土脸也美，包住头部没发型也美，别人散开长发就是半个月不洗头，而她散开头发像刚烫过头。一如既往的没演技和没表情，老戏骨比她强太多。雪崩比动画版合情合理了一滴滴，凤凰展翅倒是大可不必。雪山真美，在哪儿，是实景吗，想爬。军中基情不多elaborate一下吗？多好的题材啊！片尾重新编曲的reflection很喜欢！1.5星，刘亦菲的脸半星，新编曲reflection半星，一共2.5不能更多了。,3,2020-09-06 13:13:49,5,0
花木兰,狐梨酱,女巫姐姐和木兰妹妹你们俩组队建立一个王朝不好吗？女巫姐姐做empress，木兰做护国大将军，为啥非得臣服于老男人呢？？斥$29.99巨资看了一脑子问号。神仙姐姐确实是美的，但这个故事为了迎合中国观众而生搬硬套了各种中国元素搞得四不像，实在太失败了。Economist上上周那期里的一篇文章讲到为什么中国资本在影视里的影响力越来越大是值得让人担忧的一件事，这个电影恐怕是个好的例子。,3,2020-09-05 12:04:29,9,0
花木兰,木由,作为架空宇宙的奇幻类迪士尼公主电影可以看，但是作为有着真实国家和历史背景的《花木兰》不及格。天仙打戏还是好看的，感情戏就很不好，不知道她怎么芳心暗许也看不出巩皇以身代死她有什么情感波动。尤其最后绑架皇帝跟闹着玩儿似的，皇帝武功也好得令人惊奇。只能说迪士尼拍的不是中国历史，是外国人眼中的东方传说。,3,2020-09-14 05:41:42,9,0
花木兰,Summer,当成动画片看还是可以的......当成中国古装片看 简直....木兰从福建土楼骑马到西北，得骑多少天啊？,3,2020-09-06 16:30:03,6,0
花木兰,tiiiiin,剧情莫名其妙的。气和原力有什么关系？刘亦菲和巩俐，是二人法则的西斯师徒么？本来可以很踏实地一个历史剧，弄成这么怪力乱神。而且柔然人的智力太低了，没劲。,3,2020-09-06 10:11:30,2,0
花木兰,白羊座穆先生,肤浅如我，三星都给天仙的颜,3,2020-09-05 17:56:53,4,1
花木兰,燕仰,最想说的就是花木兰她爹长得真的像……………………,3,2020-09-13 09:49:13,5,0
花木兰,完颜穆尔登格,中外口碑都翻车了哈哈哈，有那么难看吗，就是一个中规中矩的迪士尼电影嘛。假如不是从小学木兰辞的中国人也没看过动画版木兰，说不定还觉得挺好看哒。,3,2020-09-11 00:26:15,5,0
花木兰,redhousepainter,还是蛮欢乐的，刘亦菲提水桶那段妥妥的龟仙人训练悟空和小林的既视感，刘妹妹虽然演技还是那样，但素颜还是挺能打的，李连杰不仔细看认不出来了。,3,2020-09-05 10:59:41,3,0
花木兰,仙渡,巩俐的角色也太尬了吧，沉睡魔咒里面的女巫跑来花木兰的片场了？,3,2020-09-05 01:43:56,5,0
花木兰,Green2018,可能是迪士尼这波真人翻拍版里距离原作最远的一部，基本改造了原版的核心内涵。整个故事非常拖沓可却又在很多应该浓墨重彩的地方简略得很，比如军营生活乏善可陈，阿尧、蟋蟀等原版里很出彩的配角沦为大众脸。新角色诸如巩俐的女巫还有对木兰有意思的战友Honghui（不知道汉字是啥）十分累赘，尤其巩俐的角色真的莫名其妙。,3,2020-09-04 23:00:25,4,0
花木兰,桃夭,年纪越大是怎么了，连看个花木兰的预告片也能哭😭看完正片更哭了……收集迪士尼真人公主一枚，只是看完真不懂讲点啥！,3,2020-09-24 16:39:44,0,0
花木兰,吮指原味鸡,为啥评分这么差 明明画面很美 刘亦菲很美 当然也有不尽如人意的人方面 但就商业片来说蛮好看的,3,2020-09-11 23:25:23,7,0
花木兰,珍妮糖饼,"希望大家知道，自己文化被夹成这样，也不要去寄希望于别人来研究你的文化。人家只是赚钱而已，只是正常拍了一部流水线公主电影而已。翻翻豆瓣中国大陆分类下面的古装电影吧，迪士尼已经比里面大部分土生土长的中国导演拍得好了。
更加别在那痛心疾首什么浪费了一个好故事了，拜托了，我们上一次拍花木兰已经是将近十年前的事情了。迪士尼之前有多少年没有人想起她了。怕不是一时间忘了自己是在什么样的电影环境下遨游了吧。",3,2020-09-06 23:26:31,7,0
花木兰,影愈者,毕竟跨文化拍片，看着有些别扭很正常，以下是一些吐槽与观感。女巫黑魔法这个最奇怪最想吐槽，但故事设定这样也就这样吧，毕竟这个人物的变形能力还有推动剧情的作用；没看之前以为会把木兰塑造的比较女权，因为之前其他公主的真人电影里的人设都相对比动画片中人设更加的独立更符合现代女性，而木兰这个题材更是符合条件，但没想到看到后面反倒觉得巩俐饰演的女巫其实才是真女权，为了女性权益抗争而牺牲；最后吐槽下小队突袭皇城刺杀皇帝这个操作挺迷的，太不把中国皇帝皇城当回事了，一种现代特种部队去突袭个恐怖分子老巢的感觉，而且李连杰饰演的这个皇帝他会功夫，但一想到过去李连杰曾经有过“功夫皇帝”的名号，这样看来这次还名副其实了,3,2020-09-04 23:18:23,4,0
花木兰,王神爱,比想象的好，大概七分吧，美国人咋突然开始大谈孝顺了，这么一看木兰估计是杀人最多的迪士尼公主了吧,3,2020-09-05 03:06:00,7,0
花木兰,马里奥,劉亦菲演技怎麼還沒有以前好，幾個片段生硬得像是在念台詞，劇本也好鬆散，聽說真人化的時候好想看木蘭決心換上男裝去參軍那一段，想著要是像動畫裡面就好了，不敢想那一段真人拍的話會是怎麼樣，拍得好的話我真的會哭出來的吧，還有Reflection，蠻期待可以真人唱一下的。,3,2020-09-04 20:29:49,7,0
花木兰,帕格尼尼,凤凰这一设定在表现手法上存在问题，反派的角色形象和服化道有些不伦不类，战争场面拍得太过儿戏，木兰的内心变化和成长转折太突兀，但部分打戏还算精彩，战友情谊有部分体现，爱情戏也算有点看头，只可惜成品并没有预告所带有的那种大气磅礴和史诗感，差不多两个小时的电影，我居然还会觉得剧情太快，至于所谓的“中国文化”几乎为0，只能说是披着中国文化的皮，做了他们欧美人想要的木兰吧。,3,2020-09-05 08:53:32,5,0
花木兰,偊偊而步,我们没有挑《阿拉丁》不够波斯、也没挑《美女与野兽》不够法国，同样没必要挑《花木兰》不够中国；对我们来说，英国、美国都是外国；对美国人来说，中国也只是一个外国，就像我们不会因为12世纪的《罗宾汉》里出现了16世纪的道具出戏，外国人也根本不会纠结北朝的花木兰能不能住在福建的土楼了。归根到底，这只是娱乐。当然《花木兰》并非没有缺点，作为一部年度娱乐大片，最大缺点恰恰就是不够娱乐，过于平铺直叙。而结尾孤军勤王这种决定性的转折，身经百战的将军居然被主角几句话就搞定了？这种儿戏般的情节出现了好几次，这么看来，也许理解了花木兰在迪士尼眼里，只是又一出“童话”。,3,2020-09-12 18:51:43,5,0
花木兰,Janie,我，忠勇真花氏家族後代花洲的女兒，來自第五營的花軍，拯救王朝的女孩，帝國的授勛戰士，美德之柱的擁有者，家族的奉獻者，鳳凰之守護者及氣之繼承者花木蘭。,3,2020-09-04 23:32:34,7,0
花木兰,林木郎,服化道是西方人眼中的中国元素大乱炖。故事是从花木兰代父从军到独当一面成为被男统治者认可的女斗士。打斗戏没有想象中的精彩，中间木兰的部队成长阶段既没讲好又拖沓。,3,2020-09-05 16:50:43,4,0
花木兰,弗朗索瓦·SUN,３星，一星给刘美人的扮相，一星给她相比以往作品简直整容了的演技，一星给木兰父亲饰演者马泰先生。应该说这是迪士尼小妞公主电影的最新变革探索，有惊喜也有失误，失误主要在于人物缺乏成长和升华，或者说成长的阻力不够大，则鼓舞、共鸣、感染力就不强，这导致女主的成长太平铺直叙，缺乏波折，让人物的挣扎与抉择没有分量，人物的坚持像是礼貌的客套，这同时表现反派人物缺乏作恶的原始动机，更让巩皇的反水缺乏根据。与此同时，影片极力想找寻中美文化中的交集与共性，以便西方观众理解这个陌生而又神秘的古老大国，但是这就跟某子学院一样，出品方兜售的是挂羊头卖狗肉的粉饰和暗渡陈仓，而买家获取的是一厢情愿、符合预期的美丽误读，双方都离真正的中华文化十万八千里。这导致整部影片还是像刘美人的大号ＭＶ兼心情手账，嵌满华丽，却乏善可陈。,3,2020-09-05 03:59:16,5,0
花木兰,玩手机。吧,失败的文化挪用。。。且不说一群中国人讲英语多违和，台词超尬，基本是动画版的逐情节复制，只不过删了精华加了糟粕，最后……what on earth is Qi?,3,2020-09-05 06:40:56,6,0
花木兰,如果我是DJ,古装片还是让中国拍吧，外国人拍的尬的一批，都是些什么对话。,3,2020-09-04 19:51:25,5,0
花木兰,chaaaaad。,我要拿着花木兰照片去找Tony，烫发就要这个卷度才行！,3,2020-09-05 08:08:28,7,1
花木兰,北七环环,每个演员都是按纸片人的肢体行为逻辑演的吧……,3,2020-09-06 06:33:45,5,0
花木兰,壹安²,还是迪士尼内劲儿，被各种喷喷成筛子的缺点看起来都just so so。花木兰应该是公主们“勇敢做自己”的鼻祖人物了，“忠勇真”着重点于“真”这点还是能被打到的。比较遗憾的是动画版的闪光回忆点和经典迪士尼唱段部分都没留，迪老板呀，不要看国人日常很严肃就把木兰也拍的这么严肃呐~,3,2020-09-14 00:04:01,1,0
花木兰,拜占庭向东,"槽点还是太多了
比如皇帝都能一手接住大boss的箭，巩俐大姐却得凑上去送条命？只能理解为她想死了，为了死而死
但是两个女人之间的情谊还是挺让我动容的，可以说巩俐是花木兰 take your place 路上的引路人，引导她解放自我再引领她超越自己，就别演坏女人了吧，这简直是知心姐姐啊
现在有点吃不下完全浪漫化的战争场面了，没有残酷和无常，只有玄学和美，一个女人靠一己之力逆转战争，不过一想这是迪士尼啊，好了我没事了
本以为第900会是信条
刘亦菲还是美",3,2020-09-04 23:57:33,7,0
花木兰,华盛顿樱桃树,就也是不至于这么低的分吧，可以电影是电影吗？节奏飞快，价值上得很突然。所以今年是女性大年，各种题材和类型的。天仙太美了，感叹！,3,2020-09-12 20:53:08,2,0
花木兰,山山君就是我,"我想当媒婆，每天有漂亮美眉来喝茶。 ",3,2020-09-04 21:19:12,3,0
花木兰,月亮是我的,还行 心理预期太差了 看了反而觉得没那么烂。巩俐那个角色我还挺喜欢的 代入女权去看“气” 反而能理解迪士尼为什么这么改：女人如今的地位并是一个人女人的功劳 而是一代代女人的功劳 女人要帮助女人。,3,2020-09-13 19:41:18,3,0
花木兰,嗨呦,巩俐那个女巫到底演了个啥？前期如此厉害然后为了救花木兰被一剑射死？所以花木兰最后赢得战争全靠嘴炮？满怀期待的打开，最后感觉自己看了个寂寞。,3,2020-09-05 12:15:21,4,0
花木兰,奥兰少,利益相关：迪士尼公主动画脑残粉。1.作为公主动画的真人版改编，平均水平是有的。战争儿戏是当然的，不过是句正确的废话，儿童电影不是儿戏是什么？2.至于种种我们看来滑稽的点，制片方的傲慢谈不上，无知是真的。不过我觉得考证这东西以前的公主动画真人版也是一样的，美女与野兽中的城堡、阿拉丁中的阿拉伯世界，都浮夸得很，当成童话故事的美学风格看就得了；3.我最愤怒的点是：不唱歌了！不唱歌了！不唱歌了！唱歌是公主动画的精髓好吗！4.整个影厅竟然只有我一个人听完了片尾的两遍倒影，这么没有情怀，真不知道大家是为什么买票来看这个4.8分的电影。,3,2020-09-12 13:09:00,4,0
花木兰,可爱的胶佬,三星全给刘亦菲，其他都算了,3,2020-09-05 10:54:09,6,1
花木兰,zhang 2nd,没有抱太大的期待，看完觉得还好。天仙撑起了这个角色也非常适合，其他的都是常规套路，父女这条线有惊喜,3,2020-09-05 09:52:10,3,0
花木兰,洛翁珑,中规中矩，玄幻成分有点多，最后搞起了女权运动？EXO me？只要我不尬，尬的就是你。,3,2020-09-04 19:34:18,8,0
花木兰,小狐狸要回本📈,虽然我也觉得巩皇也许会死，但这个死法我真是要撞墙了。。。,3,2020-09-04 19:41:09,6,0
花木兰,基瑞尔,也许是阴差阳错，又或者纯属好奇，竟然买了场国配版来看，台词处理得比预想中好和自然了很多。（可当成某种“比类似《阿修罗》等古装洗钱片好了很多”的质感？）但这之外，只能说天仙实在是时运不济…最好的部分当然是温明娜的出镜，告捷之后辉煌的宫殿漫天的烟花提醒着观众为什么要筹拍这版的意义：去用一种方式庆祝人们心中的传奇—无论从哪方，哪个视角，又或者哪种解读。这种最美好的目的不应被否认，就好像<自己>/<Reflection>多年后依然能带来感动一样。,3,2020-09-12 20:40:53,4,0
花木兰,清舞翩翩,我就知道连国产花木兰都不如，故事跟动画比差5倍，跟国产差2倍。皇帝这么强的吗？难怪女巫不敢偷袭。自我牺牲真是可歌可泣你这是什么能力，女巫的定位很尴尬强的离谱死的窝囊。士兵训练也很尴尬你可以抖掉水，为什么还要偷偷倒掉呢？这反派是要替父报仇呢，还是要谋朝篡位死的更尴尬。忠勇真没有爱情，百善孝为先。美的花木兰，但不是将军。中国武术和西方玄幻碰撞诞生的四不像产物，太商业票房肯定扑街！！,3,2020-09-05 15:40:39,3,0
花木兰,问而已,后半段剧情全部垮掉。铠甲怎么像日本的。,3,2020-09-04 23:57:12,3,0
花木兰,elizabey,刘亦菲很美，贡献了她出道以来最灵的表演（虽然部分镜头还是很木），好几个镜头很好看。风景也很美，女巫和花木兰之间的略微有CP感。打戏一般般。女主力量感不足，不像战士，刺客比较合适。配乐好听。整个剧情前半段都是正常的，女巫和花木兰第一次对战后开始全部垮掉。想表达的东西完全get不了，勉强及格吧,3,2020-09-12 22:00:21,5,0
花木兰,鹿港神马,带着4分的期待去看，感觉还有6分的水准。,3,2020-09-12 05:41:37,6,0
花木兰,WrstBst,平平无奇,3,2020-09-04 23:17:40,5,0
花木兰,北山杉,"黑鹰（偏见歧视）溃散涅盘重生为赤凤凰（忠勇真孝）观众大概率不会买帐 对一个太被熟知的故事陌生化处理不到位 便难以艺术化 ",3,2020-09-05 04:54:08,5,0
花木兰,我可能是个演员,1.迪士尼的动画电影是给成年人看的，真人电影是给小孩子看的。2.既然是迪士尼出品，必然偏向童话故事，如果不用太较真其实还是可以一看的（冷静思考后的结果）。3.要想到毕竟是外国人拍我们的故事，要带有理解宽容的心去品。我觉得更重要的一点是文化输出，能让别的民族，去拍你民族的故事，这方面值得鼓励。4.个人觉得分偏低，就算糟点再多也应该有6.0分左右。,3,2020-09-11 17:33:27,14,0
花木兰,Butter Beer,神仙姐姐多了分英气之后更美了！所以三分都献给神仙姐姐。。剧情无力吐槽…一个个都徒手接箭真的把我尬住了；巫师挂得莫名其妙；花木兰住土楼？功夫看多了吧！凤凰其实就是个纸风筝对吧？以及最大的疑惑，气是个什么玩意？！。。按照动画版老实翻拍不香么？。。还有，迪士尼你连巫师都整出来了，就不能对额黄妆做一点符合现代审美的修饰么🙃,3,2020-09-05 13:30:28,5,0
花木兰,fka EyeCU,看了一眼编剧加导演没有一个中国人......怪不得好多细节四不像。这个导演之前还导过强行加女权戏的绿山墙安妮，当时看那个的时候我就各种穿越，这次也是一以贯之了。以及既然那么woke，为什么还保留忠孝？忠孝不是父权制集大成吗？不过看之前看到了很多差评，但是真看下来也没那么差？,3,2020-09-08 06:36:00,4,0
花木兰,吉卜赛人,《花木兰》       妮琪.卡罗        2020年电影在中国还没有上映，就在网上找资源看了，确实有点不道德，但是真的控制不住自己的渴望，我现在唯一能做到的是不让盗版在我手上传播了。这部电影只能算一部中等电影，当成爽片看就可以了，如果要较真中国文化的话，那简直就是胡编乱造。而这部电影最大的缺点并不是剧情问题，而是语言问题，在皇宫里面讲着英语怎么听都怪，还有坐上面的那个叫皇帝，不是国王，更不是天皇。[撇嘴]很多台词让人看着很不爽。对于《花木兰》一直有一种偏爱，《木兰诗》是唯一一篇从小学到现在我还会背的课本。而这部电影并没有演绎出我心中理想的花木兰，即使刘亦菲真的很漂亮，但是主角光环太严重了，巩俐又是什么鬼，无缘无故就“白化”了，一点存在的意义都没有。,3,2020-09-05 10:17:27,4,0
花木兰,祝澜,颇为讽刺的是，巩俐这个角色的存在本意是为了从反面衬托木兰，但她的存在却毁了整个剧情的合理性。我相信要是没有巩俐这个角色，电影应该能更上一个层次。,3,2020-09-05 00:18:32,7,0
花木兰,水仙操,大概是历届皇上最没有排面的一次 反派对决基本照搬加勒比海盗跳梁 性别认同还没立起来反手又是一个孝,3,2020-09-11 20:45:33,3,0
花木兰,hellogo,这还是个玄幻片，有女巫，有凤凰，外国的演绎果然不太一样。,3,2020-09-04 20:36:41,8,0
花木兰,木石子,其实，这部电影给迪士尼上了两课。一是动画电影和真人电影的区别，如果只是简单的复制粘贴完全是东施效颦。二是如何在其他地方与中国内地找到一个平衡点，以《花木兰》为例，有可能老外就很喜欢这样的电影，可内地观众却不买账，之后的《尚气》也面临同样的问题。当然，也有第三种选择，财大气粗的迪士尼根本不在乎内地市场，那就当我啥都没说喽。,3,2020-09-11 03:07:00,5,0
花木兰,宋不吃,剧本不行，但也看哭,3,2020-09-11 19:44:55,3,0
花木兰,sue,刘亦菲演技打戏在线，但剧情真的是看得我好多chi！巩俐这个女巫都这么厉害了，还需要人家接纳你？自己搞一个国家出来统治都完全没问题好吗？？然后皇帝竟然是李连杰演的？？？chi死我了！,3,2020-09-11 03:53:21,6,0
花木兰,留白,美式思想与中国文化的失败融合坦率的讲，这部电影没有那么差，许多细节处见真章，刘亦菲的演技可圈可点，但遗憾的是，美国导演在试图用自己的方式讲述中国文化：一个被女权色彩分散了的孝道故事。透过这个观赏感极差的作品我看到的是美国和中国文化的不可融合性，至少在未来几百年内恐怕是不可融合的，那些以为全球一体化美中能够和睦相处的人该醒醒了。,3,2020-09-13 12:06:07,2,0
花木兰,what'swilliam,《花木兰》：3.3星。不是好作品但恶评如潮有点过了。1.这个时代再讲女性意识崛起会不会太老套？2.这是一部魔幻片，反派巩俐作恶居然只为“被认可”，作为全片最强输出死法太搞笑，编剧强行发便当。3.刘亦菲清秀面庞经得起特写考验，应该有用功减肥，动作戏有亮点，李连杰甄子丹的角色极其平庸无聊。4.剧本bug不少，不能深究，最后一场大战仿佛在某建筑工地展开，不能忍。5.男女主其实挺有cp感，多点互动就好了。ps：我对本片支持的另一个重要原因是因为刘亦菲之前在外网撑港警的举动，勇气可嘉。,3,2020-09-11 17:09:43,1,0
花木兰,虫子,外国人拍中国古装简直浪费钱……一会福建土楼 一会甘肃戈壁 一会新西兰农场的……太出戏了。。,3,2020-09-05 15:10:10,5,0
花木兰,一个人行走,核心是对的，就是不合理有点过分,3,2020-09-11 23:25:18,5,0
花木兰,冷鸢,不符合期待。倒也不必过分diss。但是如果他能按动画100%来一遍我都愿意给他打五星。,3,2020-09-13 09:07:57,3,0
花木兰,纽初阿白井,①合格的迪士尼童话，失败的古代历史片。完全不了解中国文化，为家国而战拍成个人英雄主义，“双兔傍地走”展现过于粗暴浅显，凤凰、女巫和超能力元素加得很多余，风格不伦不类。②刘亦菲演技撑不起角色，而其他人拿到的角色又没有展现演技的空间。③怪味场景服化道，“对镜帖花黄”桥段已脱离现代审美，战场上的自然长卷发倒有种凌乱飘逸的美感。④片尾曲很好听，但配乐的优势未能在正片中体现。,3,2020-09-12 19:44:18,2,0
花木兰,狗打墙,只能说“不是特别好看”，但也不至于差到比《小时代》分还低吧？前期宣传太过造成了观众拥有了超出平均水平的期待值。加上木兰的故事是中国普通观众心目中巾帼英雄故事的天花板，自然大家的要求也高，确实打心底不希望这个故事被拍烂。Anyway最让我失望的地方在于动作戏，太无聊了，毫无新意且绵柔乏力，战争场面黑假，难以相信还耗资了2亿。剧情略幼齿，让观众笑也不好笑、哭也哭不出。历史背景和建筑该出现的地域与朝代就更不能深究了简直十八扯。虽有动画这颗珠玉在前，但真人化还是很有必要。刘亦菲老毛病哈，无法很好地把人物经历的成长表现出来，让人没法很好地产生共情。电影结尾，没有让人感觉出来她是一个替父从军、经历了严酷的生死磨砺和考验，刚回到家的人，像是工作了一天挤地铁下班到家就想跟她妈说今天又被客户怼了的OL罢了。,3,2020-09-11 00:25:20,4,0
花木兰,Miao-wm,中国人的故事还是要中国人才能拍出味道,3,2020-09-11 07:20:32,11,0
花木兰,Sidonie,要说多烂不至于，部分剧情发展比较敷衍是真的，应该是目前为止刘亦菲表演最有突破性的一次吧！,3,2020-09-11 02:47:22,12,0
花木兰,小天猴大眼萌,还行啊，标准的好莱坞商业片，标准的迪士尼公主演技，刘亦菲素颜且脏兮兮的上镜请问国内哪个女明星敢？家国情仇转换为女性力量和人格尊严啥的也很流畅，全片唯一想吐槽的就是女主嘴炮逆转格局的几个情节点，忒儿戏了吧。,3,2020-09-05 12:29:19,3,0
花木兰,wbullet,带着0分的期待去看，竟然有超出期待值。其实内核还是迪士尼流水线那一套，从剧本到人设都套路得头皮发麻，然而有点戏谑的是在流水线产业中已经做到了合格。虽然很不想，却还是有狗迪改编加的feminism元素触动到。最后让温明娜引领新版木兰那段真的有点戳啦QAQ 温明娜粉丝对此表示满意！,3,2020-09-05 18:56:32,2,0
花木兰,清霄,🤔皇室愣是瞅出了日本天皇的感觉…女巫对花木兰才是真正的惺惺相惜😂…打戏还蛮好看…但是，忍不住悄悄嘀咕一句，古代的男的不都是长头发嘛…怎么披下来就能看出是姑娘了🌚…总结一句，迪士尼嘛，家庭的概念很浓郁的。,3,2020-09-06 00:28:45,2,0
花木兰,JIN,期待了很久……可惜有点失望……这2亿美元的投资……相比其他迪士尼动画转真人大片，咋视觉特效、动作场面就这水平……？不过还是难得有全是华人亚裔主演的电影讲中国的故事，还有很现代的女性意识价值的改编值得加分。遗憾在土澳估计没机会在大荧幕看了……,3,2020-09-04 22:26:13,3,0
花木兰,野凡,影片最终呈现确实差强人意。但还是希望人们给一部确定要上映的影片多一些尊重，即使它的确烂得令人发指，但它终究是一部影片，如果你尊重电影这个行业，你就去买票，然后随意发表见解。可惜的是你的趾高气昂，也终究是建立在白嫖之上。,3,2020-09-11 16:51:16,3,0
花木兰,雨苔思音,虽然整体洋溢着傻气无厘头和各种糟糕的情节（有些老版动画就是这样的情节只不过真人版更尬了而已），但是我觉得那个像风筝的凤凰那一点还是很有意思的，木兰心中的守护神，没有别人能看到，但是却在无时不刻成为她心中的支撑。有这么一点，打两星就太可惜了。当然这也不妨碍这部电影很差劲的事实就是了。,3,2020-09-05 22:57:22,6,0
花木兰,二京芽,演员能夺去一部电影的光辉，让观众进入一种可以自主无视逻辑、无视叙事、无视分镜剪辑特效场景一切能构之成为电影的要素（变成极度漫长的MV）......也不知道该说这部电影幸运（感觉迪士尼似乎也有自知之明到：换一个人根本不足以支持中国观众有看完全程的耐心…）还是不幸（这下没法怪演员了，就是烂，从主线烂到细枝末节，反而衬托得是演员在救场）......但至少这位演员得到的是一份只有她才能最大化的幸运，时代之光落在一位耀眼的女性肩上T T,3,2020-09-05 00:16:12,5,0
花木兰,追风的企鹅,还是动画的好看…外国人似乎总觉得某个人的爆发必须要有某种不可知的天赋的加持，比如魔法。但是在中国人的观念里，信念和信仰是比任何东西都要强而有力的，它足以让一个弱者展现出比强者更强大的能力。这么看下来，这个片子对于花木兰这个故事的理解还是差了太多。但是有一说一，打戏拍的确实不错。+1星,3,2020-09-09 08:54:32,5,0
花木兰,喵尔摩丝,想说一句，就这？动画滤镜太重是我的错，但是你告诉我，整个凤凰是干啥？花凤凰还能会挥发是咋的，没有木须龙我认了，那么蟋蟀好歹别找个小胖墩来吧，我都惊了。结尾一场戏改得逻辑全乱套，按原版花灯会那么拍不香么？最最最不懂的是巩皇敢情拿了仙女教母的剧本，都是千年的妖精了，搁这儿演什么无间道,3,2020-09-07 15:02:00,4,0
花木兰,王大约,迪士尼不懂中国文化，就好像中国网友不懂迪士尼真人电影。,3,2020-09-13 10:56:54,3,0
花木兰,沙砾于飞,过于浅薄的符号化的改编，然而又并没有张扬现代价值。结果反而让女性的力量匐伏在王权之下，以得到王权的承认来确认自身的价值，这是一种多么陈腐的观念啊。之所以给它三分，只是因为花木兰脱下男性盔甲的那一刻，她给了我真切的感动！,3,2020-09-06 15:15:03,5,0
花木兰,Eric·要回家,就槽多无举吧，，但最让人生气的是二十多年过去好莱坞的价值观一点进步都没有，一个女超人发现自己的能力不是木兰好么。而且好想冲进去告诉木兰，洪辉是个gay。,3,2020-09-07 01:17:16,2,0
花木兰,runaway,可能前期听到的评价太差了，实际看下来倒也还好。其实就是迪士尼动画真人版，不能拿太严肃考据的眼光去看。刘亦菲是真漂亮。,3,2020-09-13 12:39:23,3,0
花木兰,老季,刚看完花木看，鹏哥问我觉得如何，我说我看哭了，第一次为花木兰这个故事哭。我认为拍出了家国梦想置于女性身上所显现出的抉择和勇敢，至少我有所触动。想起了道长之前讲过他小时候羡慕女性，因为女性的某些生理现象，让其与自然和时间有了更密切的一种联系。我看到了这种神秘感，看到了木兰的脆弱，看到了她再次抬起头时便更加坚定而柔软的眼神。,3,2020-09-17 17:13:54,3,0
花木兰,hfxxx,看了这个之后觉得想看《长城》？？？感觉巩俐的角色还有一点女性觉醒的意味，这个木兰是啥意思？外国人拍的木兰就喜欢保护皇帝没事三拜九扣吗，现在中国都不时兴这个了；小时候看过很多遍动画版，这个片子把动画版里的龙的形象删了然后加入了魔法大战的元素我看傻了；动画版是缴获匈奴首领的佩剑交给父亲然后这个片子变成皇帝又送了一把刻着传统美德的剑？？这个片子它本不应该比《阿拉丁》差很多，但是阿拉丁至少特效过关了，木兰里这些个五毛钱特效和布景真不像2020年的作品，迪士尼如果真的指着这个片子带来10亿美元票房估计是要翻车，这个片子会不会机缘巧合成为迪士尼衰落的开始呢？,3,2020-09-08 08:09:48,2,0
花木兰,天启五城治防司首席巡捕,远不如当年动画片拍的好，情节有点幼稚说实话，每个城池守城的士兵也太少了，首都皇城也那么少人？特别是后面巩俐为了救刘亦菲替她挡了一箭，死在了刘亦菲怀里，这情节真是无力吐槽。还有台词，比如李连杰说“感谢您的服务和贡献”，把我笑喷了。。这剧也就只能看看主角的颜了。。。。,3,2020-09-05 10:15:30,2,0
花木兰,里卡多,对不起没忍住看了网上的那个啥版- -电影票未来一定补上，戴着n95也要去支持神仙姐姐，向德国朋友介绍我的内人（不......电影本身嘛就是动画片剧情。加进巩俐这个角色的唯一目的就是要她这个结局吧，作为工具人来说挺可怜的。另外还挺喜欢的一点是基本没有感情线。,3,2020-09-05 05:39:03,3,0
花木兰,牛奶很忙,城镇像临冬城，决战像低配私生子之战，拿这个套就该能明白迪士尼到底想拍啥。郑佩佩说HUA家没出息的时候会串戏到《唐伯虎点秋香》的华府，每次刘亦菲踢枪都能想到《功夫》，最不能忍的是美术网大味儿太冲，这个真的扛不住。文化化用我倒觉得OK，特烦较真掰扯历史细节，掰扯这事儿本身就挺虚无的，真要照着历史1：1拍肯定更傻逼了。一边看一边琢磨，动画片那部还真太好看了。,3,2020-09-05 19:15:03,2,0
花木兰,Lcy,刘亦菲和她的工具人,3,2020-09-16 23:22:58,1,1
花木兰,人民南路壹号,果不其然地滑入儿戏式的东方学想象、“成为一种生意”式的伪女性主义表达。之前始终没怎么关心过这个片的新闻，看正片才发现竟然是没有歌舞片段的。其实高水平的欢脱歌舞、油腻但活灵活现的表演方式（比如去年的《阿拉丁》），几乎是解除迪士尼如同僵尸般叙事模板的唯一出路了。而这部电影却做着把僵尸进一步僵化的努力，创作地越认真，效果越可怕，直叫人怀念动画版的一场场歌舞秀。迪士尼的“公主真人版”电影，一贯的问题都是故步自封、毫无想象力，但至少在高投资、正向创作心态的双重保证下，能尽责地做好一个“花瓶电影”的本分，成为“良心商家+安心消费者”项目。这部同样差不多如此，特别是在非华语语境的市场优势应该会更大。,3,2020-09-05 10:15:04,3,0
花木兰,EE,也没有那么差，但真的失望，动画版里有血有肉好哭好笑的传奇变成了喊口号的样板戏？气你个屁。看完听了一遍Lea Salonga的reflection洗耳朵。,3,2020-09-07 09:53:59,4,0
花木兰,樹男,我觉得没这么差啊。。,3,2020-09-08 15:25:36,4,0
花木兰,花痕,没有听说的那么差,3,2020-09-12 14:41:32,5,0
花木兰,宇宙电影王,刘亦菲简直是东方美女的极致无论怎么都看不厌，可为什么要把这么好的美女这么好的一个IP拍成这幅德性，花木兰去接那只鸟的时候原谅我直接崩掉大笑，求别提动画版，这种水准放在迪士尼真人版大军里也真的打扰了,3,2020-09-05 01:46:59,3,0
花木兰,幼儿园复读生,不要为了黑而黑，精彩算不上，但也算不上大烂片，都客观点哈,3,2020-09-11 09:11:18,6,0
花木兰,前夜,花木兰TM北魏人，为啥生活在南方土楼里？,3,2020-09-07 16:05:24,5,0
花木兰,灵婀,看了异口同声对此片的diss ，一看之下真的还好，就不能当成《木乃伊》或《印第安纳穷死》之类的纯娱乐片吗？逻辑上略简单了一点，好人坏人分明了一些，但只要想想迪士尼出品受众是孩子们，就也觉得能理解。结尾木兰不是成为将军的妻子，而是自己成为了将军，也算是跟《冰雪奇缘》价值观一致了。刘亦菲的素颜脏脸小士兵造型，让人体会到一句话，美人在骨不在皮。在巩俐李连杰（没人认出他演了谁）的衬托下，并没觉得刘亦菲演技更差，毕竟是迪士尼面具化人物嘛。,3,2020-09-13 13:55:07,3,0
花木兰,申由己,就剧情来讲，完全不及格，即便是改编，剧情上也长点心吧，既然巩俐的女巫那么厉害，一个人都能把皇帝逮住，还要其他人干嘛呢。台词也真是尴尬，完全是美国人那一套，怎么连“气”都出来了，迪士尼以为在拍《功夫木兰》么？给它及格，外景占很大部分，真好看，刘亦菲的这个花木兰装扮也不错。不建议看，非常一般！,3,2020-09-06 15:55:56,2,0
花木兰,ex machina,很多人忘记了这是迪士尼童话电影，而非历史片，只是借用一些元素，并没有义务还原一个“真实的古代中国”。仍然是一成不变的迪士尼公主“找回自我”的老套故事。尽管如此，真人版里“气”的设定让木兰直接成为天选之子，所谓的“成长”被完全虚伪化。配乐和场面调度甚至远不如98动画版。此外木兰姐姐再次巩固了【杀人最多的迪士尼公主】这一头衔。,3,2020-09-07 10:21:55,6,0
花木兰,胡小猴,带着吐槽的目的去看《花木兰》的，看完毫无吐槽之念，就好想保护刘亦菲。作为一个童话片，还是挺有创意的，主题也十分鲜明。若要质疑故事的真实性、合理性，《木兰辞》的槽点更多。,3,2020-09-12 22:34:29,5,0
花木兰,热情华夫饼,是成功的改编。,3,2020-09-05 00:13:30,5,0
花木兰,秋色纯,很难想象这个简单的故事硬是撑起来了两个小时，所以你会觉得流水账，“忠勇真”浮于表面，出现多得让人无趣，没有精神内核，宣讲主义感，人物都是机器人，没有真性情，让人很失落，既无剧情也无魔幻更无童话，只是个干瘪得讲了个故事而已。皇帝/女鹰/将军都是小学生几句话就听信转变……,3,2020-09-12 00:17:34,1,0
花木兰,Burgundy red,我的好评打给绝美刘亦菲和巩俐女神！承包全场气场担当！故事也就还可以，反正西方人拍中国文化总不能要求得太认真，木兰就是坠吊的！,3,2020-09-04 20:35:36,10,0
花木兰,Bunny Jack,美术是好美术，就是这几点实在让人难以接受：1.花木兰住的福建永定土楼[微笑]2.南北朝的小朋友就穿马裤了，干脆直接牛仔裤算了👖3.中华民族打仗是玩孙子兵法这类军事理论的，怎么能一上来就希腊步兵战阵，太扯了🤪,3,2020-09-06 01:37:57,3,0
花木兰,晓,槽点太多以至于不止从何说起，但是把它看成是迪士尼套路的公主梦电影，好像又感觉还不至于太差。只能说这部《花木兰》与国人心中的设想严重不符，以至于分数如此不堪。我们歌颂木兰是因为她的精神，而不是什么虚拟出来的“气”，合着原来花木兰是有超能力呢？千百年来她的独特在于她的忠真勇孝好吗，搞不懂导演为什么一定要把木兰的独特给具体化呢？看的时候变种人超级英雄的想法在我脑海里挥之不去…董将军和洪辉拆成两个角色挺好的，可是仙娘这个角色是真的莫名其妙(突然死掉我还是疑惑中感动了1秒)，还有，原来皇帝这么能打，白担心他了。,3,2020-09-11 00:41:06,6,0
花木兰,蔚荟,这个木兰真的太英气了，红色真的是属于她的颜色！片尾也太美了吧！刘亦菲成功的演绎了这个角色！100分,3,2020-09-04 22:11:38,0,0
花木兰,沉璧,1、木兰的故事只是一个壳，虽有众多中国元素，但讲的还是一个现代西方故事——女性觉醒，如果你非得想着《木兰辞》，你就有一种别扭。2、大牌明星云集，除郑佩佩而外，其余都完全不在线。3、开篇土家楼里的一段极具动漫风格，喜欢。,3,2020-09-12 07:46:34,4,0
花木兰,大山楂丸,"拍的很无聊。为什么要给木兰附加""气“这样的magic，这种设定减弱了木兰这个人物本身的魅力，变成了一个非常俗气的”超级英雄“。",3,2020-09-10 07:26:25,6,0
花木兰,proudC,不要在土楼瓦房上面跑步啊！气功拉垮，个人不能接受气功的设定，包括功夫熊猫，感觉老外特别爱气功的样子，然而当年论文造假…让甄子丹来演长官简直是极好的，甄子丹英语不错，武术也是一流，可惜并没有太多他的武术镜头。。。别的不说，神仙姐姐太美了！,3,2020-09-04 23:00:13,5,0
花木兰,山下猫,基本符合我的预期，所以觉得还挺好，就是太长了。对舞美不该站在我们的视角去看，更别说高赞长评说什么美国人傲慢不请中国编剧云云——我们才傲慢。刘亦菲代表作。,3,2020-09-07 19:20:14,2,0
花木兰,S·毯™,好熟悉的剧情！是星战外传了！木兰就是赋含原力的少女蕾伊+卢走天！（某两幕简直完美对应星战9海战&绝地归来）女巫就是迷途知返的老父亲！而可汗正是PPT本人！蹭上了蹭上了！,3,2020-09-05 03:37:44,2,0
花木兰,平坦,期待值不高看的，反而觉得有种额外的惊喜。可能是终于抓到老外拍一个我们耳熟能详的中国故事，作为土生土长的中国人，随便批评几句倒显得容易和自然了。故事是标配的好莱坞经典剧作，没什么新意，这点毋庸置疑，但也大可不必拿它去用发人深省的评价体系来要求。出品方盖的是迪士尼的戳儿，无形中影片就自带了动画电影的血统。它不描写战争的血腥，脸谱化反派，故事相对简单，也就变得没那么奇怪了，影片只是简单的完成了一个女孩子逐渐面对真我的成长，没有性爱，杀戮和出圈的设定，全篇又是风光片的摄影，每一帧都美的可以，拿来给孩子看，也还是蛮好的。说来说去，这只是一个对中国文化涉及未深的老外女导演眼中的中国画卷，有点憧憬和误差完全可以理解，就像让一个本土中国导演去拍美国乡村的人物传奇，一样会存在各种误差，为什么不能宽容一些呢。,3,2020-09-14 00:01:04,3,0
花木兰,穗尔Sybil,在既定知道是个烂片的情况下觉得还不至于差到深渊………忠勇真孝个鬼，真是一口老血吐在宝剑上。刘亦菲从军前的常服还是蛮好看，但这部迪士尼公主真的拍的敷衍。,3,2020-09-26 21:42:19,1,0
花木兰,七海,哎，美国人拍中国元素节奏太快，没有叙述来龙去脉就直入主题。三星算是对特效致敬。,3,2020-09-04 18:54:17,4,0
花木兰,沙加之伦,前两天刚看有个贴说女生披着头发打篮球是绿茶来着，那这……,3,2020-11-08 20:30:57,2,0
花木兰,令狐小跑,及格有了，没想象中那么烂得惊天动地，但也不是啥好片。花木兰自带的女性主义在本片中被诠释得完整而温和，然而文化审美有壁，迪士尼动画真人改编历史硬伤客观存在，没得洗。顺便说一句，我最害怕的“恋爱为主从军为辅”没发生，谢天谢地,3,2020-09-12 02:19:26,7,0
花木兰,𝚁𝚎𝚐𝚒𝚗𝚊𝙿𝚑𝚊𝚕𝚊𝚗𝚐𝚎," ……难以理解热赞的吹捧。场景设计的质感宛如棚拍综艺，皇帝和女巫的人物设定太扁平太糟糕了，动画片故事中的可圈可点之处也分毫未取。女巫临死前镜头一转木兰呆若木鸡的眼神，以及最终决斗时木兰身后五毛钱特效的凤凰翅膀，构成了我本周末娱乐消遣中的最大笑点。",3,2020-09-05 00:39:49,5,0
花木兰,PIERRE,刘亦菲的烂片魔咒，连迪斯尼都逃不过。。,3,2020-09-06 16:05:45,5,1
花木兰,布丁王子,国外拍的比国产更烂,3,2020-09-05 00:39:00,4,1
花木兰,王卡,看刘亦菲cut舔颜就够了～人物塑造约等于无，剧情逻辑不大讲究，各种刻板印象的大合集。,3,2020-09-06 20:29:59,2,0
花木兰,『COUP 'D』,不得不说 刘亦菲的脸，是真正大荧幕的脸，纯天然就是不一样，天仙依旧是天仙！说到故事剧情，本身迪士尼公主系列就没有过多的剧情脚本，故事线都很单一，展现公主的美和勇敢就够了，所以剧情方面本身也不需要给予厚望；就本来期待一些歌曲，但全程没有特别多，略有失望…,3,2020-09-11 02:58:48,10,0
花木兰,白虎野,平庸的故事再加上迪士尼的窒息审美使我不得不三倍速看完全片。,3,2020-09-04 23:58:53,3,0
花木兰,明熹宗是个木匠,一般 但绝对比4.7要高啊,3,2020-09-12 09:29:42,5,0
花木兰,男人四十,感觉又被冒犯到，诚心希望你们不要再摸中国的故事了，这个如果在国内票房大卖，就真的欺负我们人傻钱多了,3,2020-09-04 21:01:52,7,0
花木兰,西窗随笔,太迪士尼了，乏善可陈。,3,2020-09-05 15:53:53,5,0
花木兰,梦寻纳尼亚,刚看完的时候就和朋友说，这个电影也就7分吧，朋友也觉得大概这个分数，没想到豆瓣更狠。整体上作为一个美国爆米花商业电影，拍得还算完整，虽然bug不断。全程下来无惊无喜，即没有令人恶心没眼看的桥段，也实在没什么高光时刻，战争场面小儿科，所有配角工具人。但刘亦菲演技放这里真没什么可嘲的，因为整个角色就不需要演技。,3,2020-09-11 08:16:39,6,0
花木兰,tutuzhenzhen,三星半，刘亦菲男装有说服力，女装飒爽，英气又美丽，东西方审美兼顾，故事是不过不失的改编，巩俐的女巫比想象中重要，和木兰是对照，缺点是动作场景的打击感差，因为兼顾儿童向现场干净没有残酷感，还有西方理解下的中国，整体平庸，但态度认真。,3,2020-09-04 23:34:07,3,0
花木兰,白色加农炮,迪士尼公主片其实也就是这个水平……,3,2020-11-22 16:47:08,0,0
花木兰,岬,根据过往经验，真人版会在原动画的核心价值观（真我）以外再挖掘提炼出一个今日时代精神需要的新的点（可能这次是和frozen重复了的power）。但以为这次也一定会有一个更高的点，可能我过高期待迪士尼的木兰会战胜战争本身，而不只是某敌军。（而且...为什么木兰没有唱歌是我去厕所错过了吗？怎么可以不唱歌？,3,2020-09-17 09:32:00,1,0
花木兰,朴实无华的阳光,《花木兰》这部迪士尼电影，用好莱坞对中国传统的文化进行了创作和改编。抛开对于历史的质疑，这部影片仍然在突出女性的独立意识。然而讽刺的是，前两天的《最美逆行者》的热议，真的是在宣扬独立女性的勇而无惧吗？想想花木兰的故事，发生在南北朝哎，当时的皇帝是如此的开明，现在倒是今不如昔了。2020.9.20,3,2020-09-20 17:46:24,1,0
花木兰,мая,5，观感还行，去除掉那些刻板的东方想象基本就是个普通迪士尼公主片的水平，主题表达也比较清楚，算不上十足的烂片，但也谈不上多好，迪士尼大部分电影也就是这个水平，别对迪士尼抱有什么特别大期望其实能看。,3,2020-09-12 20:02:29,1,0
花木兰,Han,真香失败……剧情涣散，表演僵硬，打戏还是十几年前国产古装剧的水平，巩俐这个女巫的角色加得实在是太失败了，最后那个射大雕差点把我笑死……,2,2020-09-04 18:21:08,10405,0
花木兰,ZZZZZZ娜瑞,我的电影票钱,2,2020-09-04 18:13:17,4382,1
花木兰,朝暮雪,1.皇帝要让花木兰做将领的时候，花木兰却拒绝了，因为她要回家向家人赔罪。父母没有因为对她催婚而向她道歉，她为什么要因为展示了自己的“气”而道歉？花木兰是一个独立、自主的女性，她不应该觉得女性有“气”是一种罪，她应该觉得这是她的天赋。她也不应该觉得女性不能带兵打仗，她应该觉得男性能做的事，女性也能做。2.本以为电影最后人们不会再觉得有“气”的女性是女巫，结果电影压根就没提这件事。似乎这个问题根本不重要，只要电影最后花木兰取得成功了就行了，其它女性过得好不好不重要。但是花木兰一个人不再受到歧视，并不代表所有女性都不会受到歧视。3.中国的故事被美国人拍成电影，演员都是中国人，说的却是英文，这让我感觉很魔幻。假如中国的电影公司把美国的故事拍成电影，演员都是美国人，说的却是中文，估计会喷死吧。,2,2020-09-05 12:34:44,1399,0
花木兰,WildestDream,垮得蛮彻底的。。所有人物都很脸谱化，包括反派，剧情不出意外地乏善可陈，没有谁演技在线,2,2020-09-04 19:40:31,2292,0
花木兰,Hablonothing,对剧情和设定感到hmmm的朋友可以把气理解为原力，木兰理解为天资聪慧的原力少女蕾娅，巩皇理解为堕入黑暗面被放逐的黑武士，这样一来故事就通顺多了,2,2020-09-04 18:01:20,1385,0
花木兰,左顾,木兰什么时候有超能力了。。。剧情尬，台词尬，失望。不明白迪士尼的操作。,2,2020-09-04 20:29:01,1896,0
花木兰,桃桃林林,虽然李连杰、巩俐等都是本人的中文配音，口型却完全没办法对上，因为，这是英语拍摄的。而影片带给观众的感觉也是这样，即便有大量东方面孔，讲东方故事，但骨子还是西方的，是译制片的感觉。这种违和感渗透到各种地方，比如美术，人物设定以及剧情。郑佩佩的妆，李连杰的服装和通篇使用的红色，都有种刻意和违和感。剧情方面也太老土了，配角基本都是符号角色。就像大家吐槽巩俐的角色为何死得这么无厘头，实际上，她必须死，因为，她就是一个让主角觉醒和硬扣主题的工具型角色。而全片，大多数角色都很工具和刻板。另外，动作戏就别吹了，很老套也不精彩啊。,2,2020-09-11 13:57:11,471,0
花木兰,未闻五月天,平庸之作。我对迪士尼电影的爱，再也回不去了吗？,2,2020-09-04 19:45:55,350,0
花木兰,小红帽,不知道是不是很多人没看就打了五星，反正我是尴尬的用脚趾扣了个无绿幕的紫禁城出来。,2,2020-09-04 20:20:43,157,0
花木兰,恶隐息烙,这……历史准确性什么的就算了本来就是民间故事，但这片拍的……编剧在东亚生活过吗？木兰的故事原本很简单，在一个女性被重重约束压迫的时代背景下，一位超越时代的女性如何挑战了世俗对女性的规训、并以此推动了时代改变。结果这电影围着「真我」打转，干脆把木兰写成Trans好吗！男主毫无存在感，木兰的感情戏也被精简到似有似无，仅有的一点小暧昧有点钙钙的。即使有好莱坞和迪士尼的调教，天仙也是完全没有表情。原版动画木兰是很活泼的女性、伪装后刻意减少了表情，最后现真容后再次生动起来，天仙演得好像她有点双相情感障碍的样子。剧情推进上完全平铺直叙，没有一点波澜和戏剧结构，感觉情节一直跳跳跳，看完好像看的是五分钟看完花木兰的b站视频。另外这片一首歌也没得！！这可是迪士尼公主片！！即使没有二非这片的票房也会海内外双输吧…,2,2020-09-04 21:04:37,141,0
花木兰,一根好香蕉🍌,剧情太烂了真的忍不了,2,2020-09-04 22:34:09,152,1
花木兰,西瓜,看着很别扭，剧情设计是花木兰从被迫待字闺中压迫天性到代父从军释放天性保家卫国。英文版一句一个木兰一句一个气感觉很出戏，特别是被迫换女装后一副日本艺伎的打扮真的无语，整体剧情很干，老外导中国故事get不到，刘亦菲还是一如既往的面瘫，估计国内上映会扑。,2,2020-09-04 20:30:22,153,0
花木兰,cook,1：花木兰会瞬移2：一国之战搞的和俩村子斗殴一样就几百个人。迪士尼搞不来群演cg复制几个方阵也可以吧。3：气是个啥东西？4：巩俐这聊了两次天就跳反便当是想表达女权？5：这片子不适合小孩看，既不是战争也不是迪士尼公主。6：按照迪士尼动画版搞个幻想偏搞笑风趣一点肯定比现在这东西好，少了乌龙真的啥也不是。,2,2020-09-05 00:22:46,125,0
花木兰,NXHTO,我都要分不清这是漫威还是迪士尼世界了，为什么刘亦菲还不唱歌,2,2020-09-04 20:30:06,119,1
花木兰,Leon Winters W,刘亦菲全程表情:😐😐😐😐😐😐😐😐😐😐1.希望好莱坞改编能够架空历史，真的这样四不像反而更尴尬，上一次媒体好评吹上天结果不咋的是黑豹。2.花木兰住在福建土楼，却要打扮成艺伎学习日本茶艺，看来福（胡）建人是大和民族的祖先。3.巩俐阿姨化身恶毒女巫，还可以变身权力的游戏三眼乌鸦，北方游牧民族直接轻功飞上城楼，我的天哪轻功这么好，还骑什么马？九阴真经这么早就被传播到大漠了？4.游牧民族都有黑魔法这种外挂，居然也能输，看来大汗的决策能力还是比较堪忧的，这和瓦坎达有一拼。看来大汗也需要检测一下自己智商问题。最后，李连杰演的傅满州不像呀！,2,2020-09-05 04:34:44,119,0
花木兰,莫徒,说几个奇怪的设定：1. 电影加入了气这个设定，天生拥有。拥有了气，就可以拥有特效，变成鸟或者飞檐走壁。电影里拥有气的只有花木兰和巩俐饰演的反派。女人拥有了气，就变成了女巫，所有人都畏惧。把原动漫花木兰深夜刻苦练功的情节删掉了。2. 整个电影从头到尾都在强调这个社会女人毫无地位，只能嫁人。不同于动画，真人电影是一直一直在疯狂强调这件事情。但是！！既然如此，为什么花家只有2个女儿？ 极重荣耀的花粥为什么不再生个男孩。3. 关于电影一直强调的忠勇真，这么浮于表面真的好吗？ 花木兰必须告诉别人自己是女的才能发挥气的作用。才能拥有特效。4.关于战场，比我玩过家家还低龄啊。敌方首领落跑，你就派十个人去追。塞外打战，说敌人要偷袭首都，将军就带着几个人直冲都城,2,2020-09-05 08:33:03,99,0
花木兰,太阳座,应该是给小盆友看的,2,2020-09-04 18:11:36,624,0
花木兰,顿河,政治正确也没啥，但要强调女性力量，首先得承认女人也是人，不是超人，尤其不是因为“女”就超人。以及制作太震惊了，真的两亿美金么？两亿人民币拍成这样都说不过去。不过呢，我倒是有点期待，我们拍钢铁侠，背上刻刻精忠报国、我们拍鹰眼，别了老婆嫦娥。选的外国演员，最好长得都跟老夫子漫画里一样。世界的现状是，无论双方是试图融合还是对抗，最终都走向了分裂。,2,2020-09-08 01:06:33,68,0
花木兰,我就看看,太烂了,2,2020-09-05 01:04:22,90,1
花木兰,黄青蕉,毫无章法逻辑混乱，又完全没在文化细节上下功夫，中国人看错上加错，期间一万次吐槽你都有人变鸟和活凤凰了，还差那个木须龙吗？做了还能稍微讨点喜，现在这样何必呢,2,2020-09-07 20:32:55,65,0
花木兰,Otocolobus,哦天 这电影有不拉胯的地方吗 剧情强行推进 节奏慢得不行 服化什么烂审美 找个中国的工作室来做都好很多吧 我觉得唯一不错的算是巩俐的设定了（之前看预告我也猜到了）我真是边看边吐槽，连xx死的时候都啥也没拍出来好无语哦,2,2020-09-05 00:34:01,84,0
花木兰,晚安好运,网大的质感，跟这个“林海雪原”版海报还挺搭,2,2020-09-05 12:48:12,60,1
花木兰,HAL,我真的真的真的无比失望。动画版对我个人人生的意义非常大，以至于在前段时间各种争议的时候我都保持着对真人版的期待。然而现在的成片真的让我失望，保持了原版的大架构，但增加的剧情相当鸡肋，并且动画版所有的亮点都改没了。木兰在雪山大战决定恢复女装的行为也很突兀，不如动画被迫曝光来得自然。用“接受自己”这种内核与东方文化水土不服，使得主题显得很低级浅显。动画中花木兰一直都很接受自己，她寻求的是自我价值的实现，并且动画在后半部安排了一场男兵化妆成女性以及决斗中以扇子对抗利剑的戏份表现的是“以柔克刚”，这种智慧才是带有东方元素的。最后就是，动画的木兰风趣机智，开朗活泼，而真人版木兰太傻太木了。,2,2020-09-04 22:10:16,71,0
花木兰,刀鹿,什么迪士尼，这电影的水平还不如电视剧琅琊榜和大军师。,2,2020-09-04 19:08:42,732,1
花木兰,风吹着时间的灰,一般般,2,2020-09-04 21:28:03,64,0
花木兰,Flea,把电影票省下来去残疾人医院做慈善，毕竟除了面瘫，还有更多残障人士需要我们的关心和帮助。,2,2020-09-05 09:10:47,70,1
花木兰,孔府小鱼,第一幕我就傻眼了，小木兰披头散发耍个棍儿，我以为是丐帮呢，绝了，美国人为什么沉迷于“气”，气到底是个啥玩意儿啊？而且就他妈复刻动画片，可真人学动画式夸张真是拉胯。半夜努力练功什么的都没了，合着木兰就是天赋异禀全靠自带buff“气”？这一点也不艰苦奋斗啊。最后巩俐为什么会和天仙变成姬情？关键是天仙真的很面无表情。绝了啊，最后真的是凤凰女。,2,2020-09-04 21:41:33,70,0
花木兰,谋杀游戏机,果真就儿童童话...故事不能抱太高期待，就很迪士尼味儿，没什么惊喜，也缺乏真正的高潮段落。对中国古代的种种刻板印象在预料之中吧，英文台词需要适应几分钟，打戏在国内观众看来太常见了，十几二十年前就泛滥了，可能外国观众会觉得新鲜一些。刘亦菲颜值挺能打的，其他迪士尼公主都blingbling的，只有她从头到尾灰头土脸，还以为最后会有个凤凰涅槃式的惊艳变身。巩俐这个反派太不坚定了吧...能触动一下情怀的也就剩老版主题曲了。,2,2020-09-05 11:15:14,63,0
花木兰,散步的侵略者,年度大烂片，不值得任何渠道花钱观看！在此为老谋子的《长城》郑重道歉！已经预想到会是不中不洋的“左宗棠鸡”式电影，但没想到居然会是彻头彻尾的灾难；所有大牌们也都只是完成任务就消失，钱赚的也太寒酸了；迪斯尼不愧是世界电影之癌，竟然把最容易拍好的女权IP搞成空喊口号的网大，期待小美人鱼继续刷新下限！PS：多一星给认真的天仙，其实演技也没进步，但看到她这么努力瞪眼，还是有些于心不忍。。。,2,2020-09-05 05:11:15,64,0
花木兰,矛盾问题集合体,emmm不太值得…剧情比较无聊，妆容也很诡异，打戏也无亮点。看不下去…,2,2020-09-04 20:08:34,64,0
花木兰,°sun,… 无语,2,2020-09-04 23:23:59,62,1
花木兰,苏勒,依旧是美式个人英雄主义，只不过套上了一层中国元素的外壳，服化道土楼等问题已经有不少人指出，电影本身刻意回避了一些尴尬的传统文化，强加几段感情戏莫名其妙，对决戏人工痕迹太明显，与其说是人物服务剧情，不如说是人物淹没在强行灌输的正能量中。,2,2020-09-04 21:01:40,60,0
花木兰,张咏轩Wayne®,虽然色彩运用一如既往，但这部总给我预算不够的感觉，从战斗场面到场景布置，少了点迪士尼的气势恢宏感，多了几分萧条与孱弱，女性导演也没能在调度上更游刃有余的发挥，导致从头至尾软趴趴的呈现，动作有气无力，剧本可以说是流水账，叙事照搬动画，但远没有前者满富生机，木兰和父亲的关系，和男主的微妙以及个人角色的成长，都无比简化与生硬，本着对原作了解的滚瓜烂熟，这部直接想当然式的推进，反派纸老虎弱鸡设置，木兰荣耀摘得简直唾手可得，整部电影的面相就是部网络大电影，不过刘亦菲算是无功无过的完成这个重磅角色，巩俐台型气场让人眼前一亮，演员方面少概率拖垮水准，一直担心的事可以解除，好在迪士尼的情感内核依旧正向流动，没有强加美式价值观，忠勇真后面还不忘“孝”道，东西方文化此刻有了共情，升华后的情感几乎招招受用。★★☆,2,2020-09-04 21:18:37,57,0
花木兰,林学凡,音乐不错。,2,2020-09-04 19:51:54,56,0
花木兰,椒盐鸵鸟,延续迪士尼近年女权主题但比同辈如《阿拉丁》生硬到不知道哪去了。流水帐就算了，剧情真的好弱智，还没动画合理。最差的是居然音乐也不好好做，一首能记住的主题曲都没有，太敷衍了，想圈钱想疯了吧，碰上今年这形势没圈成也算活该。巩俐的角色也是从头到尾工具人前面还说得过去结尾太牵强了。动作戏也不好看…神仙姐姐演技真的太差了可担任与小 K 齐名的面瘫美女东方版了，最大🉑点也就身高了，居然跟所有对戏的男的一般高，东亚男性身高风评受害。,2,2020-09-05 12:06:56,45,0
花木兰,贺引生,说一句迪士尼最难看的真人公主电影不为过吧,2,2020-09-05 10:39:37,65,0
花木兰,小油飞,这个故事的观念已经远远落后于时代了，再这么一板一眼地翻拍真的毫无意义…,2,2020-09-05 14:25:46,46,0
花木兰,今 敏,迪士尼觉得中国的韭菜都很好割吧,2,2020-09-05 12:46:54,45,1
花木兰,洛洛,发现能看那一刻最快乐，越看越忍不了。还是动画版真爱😓,2,2020-09-04 18:44:03,60,0
花木兰,小斑,木兰用了Elsa的动机，很可惜。其实依原动画，把她设定为“靠意志和努力得到认可”的普通人，比搞玄学好得多，公主宇宙也会更丰富。去掉木须龙这样的角色，全员英语就很诡异，故事既不够真实又不够神话。打戏难看，全都难看。刘亦菲对这个角色来说相当超龄，又没有任何演技层面的补足，令到木兰非但没有说服力，甚至没有吸引人的魅力，更是令一切设定和制作上的缺点无所遁行。,2,2020-09-05 18:13:38,44,0
花木兰,Momoisland,拍的啥啊？？,2,2020-09-05 00:32:56,53,1
花木兰,小张哥,一开始我就认定迪士尼不会把花木兰拍成父慈子孝的温情片，根据去年放出来的预告来看至少是个平民女孩逆袭获取军功拯救国家的战争片，没想到啊没想到，这他喵的竟然是部神话故事片？？？巩皇是个反派女巫？？？能蛊惑人心，能幻化万物，这么屌的反派却不知道为什么被柔然胁迫，替人卖命？？主角天生带“气”？（别问我什么气，我也不知道什么气）还有，木兰女儿装为什么那那那么丑？？？（不能上图片，艹）你们是对老祖宗的什么有什么误解吧？？木兰为什么是在福建永定土楼长大的？？？是我们河南商丘的古城太破了吗？为什么替父从军要跑到沙漠边？？？柔然不是草原的游牧族吗？？他们为什么要绕道？？直接走山西过来不方便吗？？？男主是个基佬吧？？天天想法设法的靠近木兰，一脸淫笑？？？不说了，你们别去看了，太垃圾了，这两颗星都是给刘亦菲的！,2,2020-09-05 00:22:14,44,0
花木兰,LORENZO 洛伦佐,太可怕了，除了特效和风光一无是处。本完全可以掐头去尾好好讲花木兰寻找真我的过程，融合中西方的细腻和率真，讲讲女性觉醒，结果改成一部魔幻战争大戏，还全是槽点。寻找本我的时代意义最终落点于”孝”，感觉只是字面意义上理解了［木兰辞］。,2,2020-09-10 06:52:42,34,0
花木兰,米粒,感觉被侮辱智商了，各方面都很让人头大，还花了2亿，最后竟搞个施工脚手架拍大战是在搞笑吗迪士尼是被坑了还是参与洗钱了... 国内国外都不讨好搞成这样也是绝了。给片尾CA歌加一分吧，但其实那首歌也就还好=_=,2,2020-09-14 15:15:23,40,0
花木兰,飞侠式拼搏,一塌糊涂！！！花木兰之凤凰传奇？原力（×）……气与你同在？完全可以争夺年度最失望影片了。剧情，糟糕。武戏，就这？节奏，不流畅。演技，其实也没抱期待。人物说和解就和解，说洗白就洗白，我也想不通这么强的女巫为何不自己称霸。唉，完全没有东方味道，某些地方的中国元素更是令人可笑！PS.求求迪士尼真人部了，能不能不要疯狂压榨以前的经典IP了，多搞点原创吧！,2,2020-09-05 07:58:28,54,0
花木兰,不知名注销账号,Disney+看的。啥东西啊，为啥要脱铠甲又只脱一半啊，为啥要散头发啊……巩俐演的时候得是啥心情啊……刘亦菲一个表情贯穿全剧这钱太好赚了吧……另外全场我最喜欢木兰她爸……,2,2020-09-04 23:56:26,50,0
花木兰,密密缝,唧唧复唧唧，剪的也太急,2,2020-09-05 11:19:53,43,1
花木兰,SuperMatt,各方面都太平淡了，还有点幼稚。,2,2020-09-04 20:48:46,46,0
花木兰,你来当我见证人,就这要2亿美金的预算？巩俐那个中国玛琳菲森的角色也太工具人了，一个带有LGBTQ气质的outcast角色，无缘无故就要来段说教还来了一段女性相助的戏码，前后期战力迥异，感觉完全是为了完成政治任务而存在。整部片子最佳竟然是Christina Aguilera。,2,2020-09-05 09:15:05,43,0
花木兰,豆友7,难看。,2,2020-09-05 10:13:20,47,0
花木兰,风起于青萍之末,不知所云,2,2020-09-05 00:23:24,39,0
花木兰,Fly  Away,看完最想说的是：”这就完了? 怎么仗都没打够文戏一大堆就结束了? ”先不说水土不服，最大的缺点还是拍出来的品质太差了，剧情看着莫名其妙，最尬的是女巫突然的叛变，甚至前面神化那么厉害的她连一支箭都挡不住真是看着我无语，除开花木兰这个角色，其他的配角有什么印象深刻的地方? 战斗的场面也没多大精彩，偏偏一直口口声声说的“谁说女子不如男”，勇气和偏见更是拍着肤浅得狠呀。,2,2020-09-05 10:34:55,45,0
花木兰,我不想你,迪士尼：编剧是什么，不需要的。诚意是什么，不存在的。也特么就拿动画版经典的那几首歌的旋律改一改放进电影里试图拨弄我心弦，干,2,2020-09-05 08:23:24,43,0
花木兰,WHE,太无聊了吧，甚至觉得这是女主演技最差的一部………,2,2020-09-04 21:00:38,51,0
花木兰,Goldfish」,虽然剧情无聊打戏糟糕服装奇怪，但是，仙儿，我最恨的还是你像块儿木头,2,2020-09-05 09:11:00,47,0
花木兰,子曌_乌衣少年,巩皇的鸟死的挺突然，温姨背影赛高了，妆容真的迪霸霸有误区🌞两颗星，两位打酱油的姨一人一颗😂,2,2020-09-04 23:19:10,39,0
花木兰,hurrican,额 四两拨千斤难道不应该是7.1 oz拨1111.1 lbs吗？,2,2020-09-05 11:18:48,43,1
花木兰,熊猫大叔,外国人把木兰拍成了魔幻片，而每个中国人都知道花木兰本应该功夫片。,2,2020-09-05 11:19:45,43,0
花木兰,Joe,刘亦菲怎么做到一个表情演完整部电影的 巩俐的角色完全没必要 我最喜欢的木须也没有 小时候最震撼的全京城百姓下跪感谢木兰也没有 迪士尼擅长的电影配乐也没有 难看至极,1,2020-09-04 19:09:50,9271,0
花木兰,【龍】在我心,1.0 全方位的烂，不必苛责人尽皆知的刘亦菲的差演技，她真不是最差的那个，导演比刘亦菲差得多，调度根本是胡来，镜头设计，分镜，剪辑全部都有很多莫名其妙，越轴胡乱用，摄影机旋转胡乱用，剧本沿袭迪士尼动改真的一贯套路，几乎没改，如果说动画我还能以给小孩子看为借口去接受剧情的逻辑问题，那么真人电影还那么胡来，我绝对接受不了，到处都是bug，更不要谈人物了，最后我也不知道这片的投资花在哪了，真的用在了特效上？完全的网大质感，游戏质感。我真的没有在这部电影身上找到哪怕一丝的优点,1,2020-09-04 22:12:47,3480,0
花木兰,有光同学,这是在干什么？,1,2020-09-04 20:19:35,1267,1
花木兰,嘟嘟熊之父,五讲四美三热爱。贫瘠的实景，廉价的CG，花拳绣腿的动作戏，赛马段落以为在看《还珠格格》？看完想给国师的《长城》道歉。如此没有生命力的木兰不知道究竟该以何动人，仅靠一头长发？,1,2020-09-04 22:25:12,1360,0
花木兰,陰陽魚,想知道导演的审美是不是崩坏了。每一个布景和妆容都是如此丑陋。本来就是架空的再创作，不需要多么写实，也不用特意去还原历史，但是就简简单单弄好看点都做不到么，画面像是用脑补出来的东方元素强行拼接的。剧情就不说了，老样板戏了，所有身份的角色都完美符合其身份的流行文化刻板形象，一开场就可以了然于心，一丁点都不会差。能烂到这个水平我还是大写的妹想到。,1,2020-09-05 07:33:36,179,0
花木兰,Claude,剧情太土，没有新意，充满了东方刻板化符号，花木兰角色定位也有问题，看不出是个女孩子，苦大仇深的样子，我觉着应该更加搞笑豆逼一点。这可是迪士尼啊。,1,2020-09-04 23:43:51,162,0
花木兰,放逐,台词太幼稚了 然后过时的剧情，刘亦菲演技惨不忍睹,1,2020-09-04 20:59:57,159,0
花木兰,小圆栗子,这也太难看了，浪费我两个小时,1,2020-09-05 10:50:00,139,1
花木兰,舒农,甚至都不是低幼化的问题，而是在如此注水的情况下，都没有做到很有效的叙事。女巫对木兰的影响这样最重要的一条线索做得都非常差。我也不知道那些风景、打斗都是拍给谁看的。以及，美国人对华人面孔的认知，大概只有两广人和蒙古人两种。,1,2020-09-04 22:26:43,136,0
花木兰,亵渎电影,真希望现实世界也会像迪士尼童话这么扁平简单，女性主旋律没问题，只是智商不在线就尴尬了。当它是迪士尼童话吧，我们可以不用在细节上太较真儿，直接拿来当段子看，倒是很欢乐。,1,2020-09-06 20:59:22,184,0
花木兰,saki,我不该喷中国版海报，我要道歉，这不是丑化木兰，这是对电影内容最真实的还原！！！,1,2020-09-05 01:16:43,626,0
花木兰,bad sister,一星都不想给。什么玩意儿啊，浪费时间。骗人进影院者天打雷劈。,1,2020-09-05 10:13:02,128,1
花木兰,キノ,"违和感强出天际。这不是花木兰的故事，这是古装女权超人传说。最核心的问题是想在一个完全男权父权的社会背景里塑造女权，迪士尼真选错故事素材了，最后百姓下跪磕头迎接官员来读圣旨册封女领导还不够惊醒？""孝""可以翻译成""devotion to family""？这误导真是国际性的了，真正的中国古代价值观被打乱、修正，服务于迪士尼的、现代的、商业的口味。这个故事本身就不适合拍成现在环境下的迪士尼童话，木兰从军本身所展现的冲突就是和女权背道而驰的 ，一个男权下的""个例""，甚至连个例也谈不上，她是""孝女""""替父从军的""。以及更退一步，一个""个例""的""伪觉醒""于社会大环境有何用呢？噢这还是个开了挂的个例…好了不想继续吐槽了。女孩可以成为战士和传奇，但如果她们是有自我意识地战斗，就绝不是以这种方式和这种故事背景",1,2020-09-05 00:48:47,127,0
花木兰,⚋̤̫⃝,看睡着了,1,2020-09-05 00:57:44,112,1
花木兰,冥灵,有事吗？,1,2020-09-05 06:11:43,107,1
花木兰,烂烂小番茄,这就是一部长城2.0！外国拍的就是不对味。本以为土楼是最大槽点，没想到还有好多槽点。服化道辣眼睛，连于妈都不用这种鹦鹉色了。动作戏没有请中国武术指导显得太一般，在甬道那么狭窄的地方动作设计的是敌人甩流星锤，甩半天都没用，华而不实。战斗如两个部落打架，后面剧情士兵莫名其妙少了一堆人，剩下几个在那打架。古装戏还是看国产剧好啊，这部跟古偶差不多，好的古装戏比这好！,1,2020-09-05 09:31:19,106,0
花木兰,辰希*,我真的……武大镜头明显用替身，粉丝怎么好意思吹？,1,2020-09-05 09:03:14,117,1
花木兰,卿辰,尬死我，逻辑生硬。一星给背景音乐和《忠勇真》的古诗翻译,1,2020-09-05 09:26:28,104,1
花木兰,苏大强,搞出这么个玩意？？？,1,2020-09-05 10:49:43,107,1
花木兰,yuan,绝地武士花木兰。,1,2020-09-05 09:11:26,92,1
花木兰,PiKaChu,豆瓣什么时候能给零星啊,1,2020-09-05 09:33:48,108,1
花木兰,authornana,"失败的改编，美式超级英雄套路强行嫁接到中国传统故事上，各种stéréotypes,还少了动画里最亮眼的幽默、轻巧以及音乐剧元素。整体制作水平都不太行，根本配不上迪士尼暑期大片的水准，迪士尼选这部来做流媒体实验小白鼠不是没有道理的。",1,2020-09-05 08:16:06,95,0
花木兰,Taylor13Swift,剧情整个跟闹着玩似的，练气功的就是巫师。整个电影英文台词抑扬顿挫，听的难受。皇帝李连杰跟傻子似的被烧，巩俐大鸟是巫师啊，射一箭就死了。而且手抓箭是什么有寓意的镜头么，大家都能抓住箭，反派最后死在没抓住箭。。。雪崩和沙漠的特效更是一塌糊涂，唯一好点的，背景音乐烘托的还行。而且迪士尼公主不是应该有歌舞么，我还期待了一下，毛都没有。。。。,1,2020-09-05 00:46:50,696,0
花木兰,zzzBridgEzzz,烂。真烂。真的烂。,1,2020-09-05 02:14:24,102,1
花木兰,Eminemiverson,吐，又是一部烂片，看完真浪费时间,1,2020-09-04 20:43:31,1328,1
花木兰,Alan,这改编真是没有一处是往好的方向改的。没了搞笑的苜蓿龙变得超级无聊，加的巩俐那个角色真是多余。而动画直接改成真人尴尬的地方太多了！！那几个士兵从哪里找的？怎么可以这么拐瓜劣枣...另外，这片子怎么能每处棚拍都那么明显？？视觉上就廉价得不行...,1,2020-09-05 10:48:23,88,0
花木兰,沉默的螺旋,0202年了，美国人还是放不下身段了解真正的中国文化，怎么打好贸易战，美必输。,1,2020-09-05 10:38:52,95,1
花木兰,豆友211993530,不知道你们有没有看过景甜的长城？ 比那个还难看。,1,2020-09-05 10:58:04,97,1
花木兰,易思棠,它的女性主义可能在于木兰能够长发以女性身份去战斗，“气”的设置仿佛把歧视外化了，巩俐所饰演的女巫是木兰的另一个反面（至少她不压抑自己的气和女性身份），从这个意义上讲，女巫不是什么反派，更像一个引导者。但我说了这么多，还是要骂一句：怎么这么难看？怎么这么难看！,1,2020-09-04 20:16:18,683,0
花木兰,SuperRain,别说好看，说不难看的都是刘亦菲nc粉，鉴定完毕,1,2020-09-05 12:49:08,71,1
花木兰,不要慌问题不大,谁能说出这部电影的可取之处？一个就行,1,2020-09-05 10:48:18,81,1
花木兰,喵,木木木木木木木木木木，放棵树演，风吹过可能都比木头人生动的多,1,2020-09-05 10:42:46,81,1
花木兰,一个男的,真的难看到无敌爆炸！什么烂剧情！莫名其妙的？当大家弱智呢？？,1,2020-09-05 12:46:30,77,1
花木兰,疯了吧,迪士尼疯了吧，这部是不是迪士尼成本最低，成片最烂的迪士尼电影？？？？？故事、特效、装发、建筑，全部都好烂,1,2020-09-05 01:31:34,80,1
花木兰,Vermouth,无语子啊……还我的钱……,1,2020-09-05 01:08:08,76,1
花木兰,花花酱,失望，是给儿童看的吧，太低龄，全靠神话,1,2020-09-05 01:31:40,74,1
花木兰,杀花鬼,太烂了。剧情一塌糊涂，违和感满满，女巫哈哈哈哈。战争场面跟儿戏一样，花木兰演的也挺木的。造型除了女主其他的丑爆了。主角光环开的也太多了。像是某个非洲或者某小岛上的原始部落发生的一个奇幻故事。刘亦菲五官真的普通普通，涂黑了就是个男的，倒是挺适合的，就是演技不够好。,1,2020-09-05 01:51:35,81,0
花木兰,tsuga,我刚看了个啥？,1,2020-09-04 22:31:27,732,1
花木兰,甦醒 Nostalgia,什么年代了还在玩这种西方人眼中的东方奇景，是真的难看到爆，俗气的好莱坞模板剧情，无可救药的迪士尼真人电影。大人、小孩都不适合看，一通流水账的讲述，一群毫无感情的脸谱过场，全都为了商业化的制造流程，塞得这尴尬的奇景和女权让观众迷惑不已。说是最差的那类电影都不为过。,1,2020-09-05 12:54:05,72,0
花木兰,毛豆大侠,我朋友说特别垃圾，她特别气，让我来打分,1,2020-09-05 09:11:03,68,1
花木兰,Mira,迪士尼拍寻梦环游记可以聘请多名文化顾问，可以在墨西哥做5年的实地文化考察，而真人版花木兰可以看出迪士尼根本没做过什么前期工作吧，只有对东方文化的臆想，并且对整个花木兰故事的理解肤浅又尴尬。全片的节奏、张力、起伏都是乱七八糟，真的还不如去看之前的动画版。,1,2020-09-11 06:57:06,68,0
花木兰,空阶滴到明,烂就一个字。。。,1,2020-09-05 11:08:39,67,1
花木兰,雁字回时,这煞笔迪士尼，总共逗笑了我三回。第一回是巩俐扔飞镖扎在木兰裹胸上，第二回是巩俐玩女权帮着挡了一箭，第三回是反派射了一箭让皇上给接住回头反杀了。迪士尼是从哪找来了这么个活宝编剧团队，真有你的，给我气笑了。一星不送。,1,2020-09-05 02:50:04,77,0
花木兰,浮白,外国人还是拍不好中国的古代故事，尤其是放在商业大片上格外适用。这种水土不服感让人想起当年看木乃伊3里蹩脚的秦始皇与巫女、将军的三角恋，镜头画面没有美感，剧情生硬，谁的演技都带不动这种内核白，外皮也不够黄的作品。看的人尬的慌。,1,2020-09-04 23:42:49,76,0
花木兰,🌈,晋江玛丽苏式女权，我以为的女权，一个普普通通的女孩子也能成就大事业，不懈奋斗不怕辛苦，花木兰式女权，女主天生有超能力，从源头超出普通女孩，她不是女权，是一个人的特权,1,2020-09-05 10:25:15,69,0
花木兰,sasa’s summer,一星都嫌多,1,2020-09-05 10:57:29,80,1
花木兰,叉烧包江湖骗子,海报已经够难看了，不知道正片会给我什么惊喜。,1,2020-09-05 01:38:30,71,1
花木兰,han,场面，剧情，特效，精彩程度，一样都没有，典型的烂片。刘亦菲天赋太差，出道这么多年了，演技还是毫无长进，永远是一个面瘫表情。。。,1,2020-09-05 09:56:56,73,0
花木兰,ΜΟΜΟ,把我给看伤了,1,2020-09-05 10:46:20,74,1
花木兰,greyson不灰,这是我的社会责任感,1,2020-09-05 09:30:02,66,1
花木兰,洋葱湿岛,刘亦菲别天天通稿吹了，木头美人演技一如既的往面瘫，哪都有她粉丝刷她，好感度极低,1,2020-09-06 07:40:25,75,1
花木兰,CathShero,强行降智，强行将中国故事类比为西方传说，甚至算不上成熟电影工业产物最多算个学龄前儿童读本,1,2020-09-05 10:44:07,62,0
花木兰,天道,相较于其他，这部真烂。都这么多年了演技还是没啥大提升，血厚也禁不住这么耗啊,1,2020-09-05 07:54:38,65,1
花木兰,再见二丁目,一星都觉得高了,1,2020-09-05 09:38:37,74,1
花木兰,吃瓜德,烂到爆炸，一星给22年前李玟的《自己》,1,2020-09-05 10:48:11,63,1
花木兰,吃货F,98年时讲寻找真我，20年只提忠勇真孝，呵呵，好莱坞梦回大清。这是一部披着东方文化皮的三流爽文。我看不见对文化的尊重，气说成原力，强加一个中国驱赶女巫的设定，把原本动画中存在的尊重丢的一个不剩，2020年这样信息发达的时代，我找不到借口去给一部马可波罗式作品洗，尤其是大讲representation的迪斯尼搞出这样的东西，挺诛心的。说剧情，去掉原版动画所有的情感，把木兰寻找自我的光芒去掉换上主角光环，就这是真人版木兰，干瘪无神金手指，毫无成长戏份，所幸刘亦菲还算给力，但她不过是国内市场的票房保证而已，换个别人也能演，因为这个人物没灵魂。说讲究真实，可战场上干净的滴血不撒。很多剧情都是断的需要看过动画来补充。这片我知道会不好，但没想到会伤到这样，我这三十五加币就当是买断我对迪斯尼的好感吧。,1,2020-09-05 01:37:09,59,0
花木兰,lemon_swagger,很失望，这本来是一个非常彰显中国文化的故事，但整部电影肤浅俗套，甚至配角的一个微笑都在中规中矩的剧情走向下充满国产烂片的既视感，这不是我期待的花木兰。刘亦菲作为绝对主角，也只是很模式化的完成了电影表演，谈不上任何突破，全片甚至没有一个角色的塑造是成功的，尤其三位大咖，真的失望！（仅代表个人）,1,2020-09-05 00:26:59,57,0
花木兰,Yellow,果然，外国拍不出中国古代内核,1,2020-09-05 10:48:10,56,0
花木兰,momo,一星给刘亦菲，几个画面真的很美。但是鉴于总是想起那些木得我心痛的画面，这一星我取消掉，0分吧，0分挺配的。这么好的故事被讲得这么烂好生气，完全没有当初预告片带来的感动，预告片可以打五星，但是正片零分!!!摄像也不老实，老是90℃转有必要吗？？编剧给的台词尴尬得要命，威亚痕迹太明显，分分钟出戏，and木兰有超能力这点就..烂上加烂了，编剧到底是怎么想的？？？天仙木的时候我就想导演哪去了，导演不会指导吗？自己的作品自己都这么敷衍？是不是觉得扑街也无所谓啊突然就好佩服98年的动画制作团队,1,2020-09-05 10:55:18,57,0
花木兰,某,看完瞎了……真的花哨……只有营地生活勉强可以一看。剧情?有这个东西？打斗场面就和路边杂耍差不多，射箭姿势都能射出花来。剪辑完全mv形式，能剪这么花哨也是服，你是电影!电!影!一头长卷发太尬了叭。,1,2020-09-05 14:12:41,53,0
花木兰,科林,被烂震惊……丧失动画版所有优点……秉承了迪士尼真人版均远弱于动画版的传统……动画版木兰的成长和蜕变替换成了对“忠勇真”的思考和兑现，反倒不伦不类，一股子现代美式观念去诠释古代中国封建，该喜剧的地方却改编得尴尬无限，还加了那么多Weird的设定，“气”是从隔壁星战的原力copy来的吗？巩俐“女人何苦为难女人”……甄子丹和李连杰面瘫蜡像馆……最后的高潮战斗变成了五六个人健身房团建……妈呀，可以开吐槽大会了……,1,2020-09-06 00:59:37,50,0
花木兰,存在与虚无,制作精良一如迪士尼流水线作业产品，但巫术和气的设定是认真的吗？我巩皇竟然是只鸟？！还被射死了？,1,2020-09-05 09:47:33,63,0
花木兰,支支吾吾,天仙路人粉，一星仅献给天仙的美貌，其他真的辣鸡得无法言语，巩俐最后的反水都给我看笑了，这个还远远不如1998动画片花木兰。,1,2020-09-04 22:57:06,57,0
花木兰,国王KING,难看。全片都弥漫着西方对中国的傲慢与偏见。用脚趾头想想都会清楚，一个西方人怎么可能拍好木兰的故事呢？这其实更像是一部奇幻片，这么一想，电影里的布景、凤凰、女巫是不是都变得不那么突兀了？毕竟这是某个奇幻次元……,1,2020-09-07 11:32:33,46,0
花木兰,龙乾rock,非常失望。,1,2020-09-05 09:38:06,63,0
花木兰,鸭腿菇,非常差的改编，完全丢掉了一个动画的内核。,1,2020-09-05 09:26:05,58,0
花木兰,steffens,怀着希望的心情能看到一部稍微靠谱点的花木兰。结果开头还凑合，从军以后剧情就开始扑街了，各种扯淡，硬转硬接，不知所云，无怪迪士尼选择在流媒体上播放，这片进了院线会被骂上天际的，遥想当年国产的那一部就够烂的了，好莱坞这一部只有更烂。整片除了花军被忽悠变成了花木兰刘天仙的那一头大波浪还有点看头以外，其他的真心就是一桶泔水了，估计此片在IMDB和豆瓣都不会超过6分，票房扑街是肯定的了，真想看的下个高清足够了，去影院看能把你气吐血！,1,2020-09-05 01:31:49,51,0
花木兰,#张倾#,和三生三世一样，槽点和评论虽然大多集中在刘亦菲身上，但看完后感觉刘完成度还可以，可以说除了刘亦菲，真的其他的都不值得一看，什么大投资什么中国文化都是屁。国外拍出个这么个烂玩意儿还敢来国内圈钱，不吐唾沫淹死他们都不解气,1,2020-09-05 03:31:13,45,0
花木兰,松当夏,就这拉胯剧情怎么可能有人会打4到5分啊，武打也很一般，战争场面小里小气，巩俐退场方式笑掉大牙好吗哪有一丝感动，全片夹带政治立场私货殊不知这样刻板的表现方式只会适得其反。1分给刘亦菲美貌,1,2020-09-04 22:37:25,53,0
花木兰,荒也,花木兰故事其实讲的是，女性不是家庭内的贤妻良母（家庭再生产劳动），而是在家庭外的军营战场，通过角色扮演实现男性化，成为为皇帝奉献的女英雄。表面上看似歌颂女权，实际不过是父权男权文化的再强化的洗脑神话。然而，比起性差更饶有趣味的是，影片内外包裹的多重错乱的历史语境。1.古代皇权文化下的女性的形象与女性的男性化。2.PC盛行当下的女权文化。3.西方语境下的东方女性的异国情调化。4.既是母亲又是女性导演本人的女性意识。其结果是，影片在意识形态上变得模糊暧昧，讨好了男性和女性，“左边”和“右边”，中国和美国的所有观众。,1,2020-09-05 23:42:53,88,0
花木兰,噫呀,奇怪的画风，脏不垃圾的服化道，无聊的情节，和动画片以及故事原型都不沾边。搭配刘亦菲面瘫的演技，巩俐违和的人设，还有烂到令人发指的武打戏，哦，这个电影有懂中国文化的人参与吗？连小木牌都是打印机默认的楷体，出戏出到都笑出声来了。,1,2020-09-05 12:48:37,58,0
花木兰,LOL,巩俐职业生涯倒数第一，还不如三打白骨精,1,2020-09-05 14:34:07,56,1
花木兰,绿皱,实在太难看了，推荐大家看看我朋友新导的大片《刺客》,1,2020-09-05 09:38:15,50,1
花木兰,天蝎小猪,简直不敢相信真的有这么难看 全片刘亦菲姐姐只有一个表情 最后又扯嘴又皱眉不知道是想表现什么 里面每个人的表演都像npc 皇帝特别像个假人 全片透着一股粗制滥造感 人少没气势 景非常假 凤凰像没有毛的风筝 打戏跟闹着玩一样 单于像没长大的小孩 厉害得令人闻风丧胆的witch 一支箭就没了 遗言甚至说不了一段话 我终于能理解吐槽贴里的每一句话 真的不必要如此体现男女不平等 要多看两遍动画版洗洗眼了 本来觉得一颗星确实有点太低 但两颗星真的不值得 特别不配我这么久的期待 我的花木兰不是这样的😠,1,2020-09-05 11:14:29,66,0
花木兰,桑畑三十郎,迪士尼出品，必属精品，强烈推荐。,1,2020-09-05 11:08:38,45,1
花木兰,Sid洋,史上最大正版支持者受害事件。,1,2020-09-05 16:10:38,55,1
花木兰,咖啡吖,我很惊讶于一向比较稳健的迪士尼怎么会出现这么严重的失误，也许正是因为片子烂才无所谓的放网络发行吧……缺点太多了，叙事一团糟，人物没有塑造没有成长，反派智商掉线，尤其是可惜了巩皇的气场，特效也是简陋到令人发指。也许那个蹭热度的花木兰网大大漠营救都比这正主好看，明明动漫珠玉在前却还拍成这样，真是浪费了几个演员的演技也浪费了我两个小时。,1,2020-09-05 01:02:26,48,0
花木兰,戀夏达人,不知所谓、大失所望、一沓糊涂、全程尿点、无聊至极。除了贡献了一段莫名其妙的百合……就算是按照原来的故事拍也不至于这样。这里的木兰跟开挂似的，重生之女将星说的就是你吧！男主是谁啊？那个发际线到头顶的弱鸡吗？看结尾不会有第二部吧？是时候让动画版重映了（一星纯粹给算努力的天仙和努力邪恶的巩俐以及老爹一晃眼以为是老席,1,2020-09-05 05:37:51,44,0
花木兰,诗人未死我便是,盗版出来了，西方思维，跟功夫之王一样，辣鸡。巩俐是巫婆，会变成鹰，拍西方中世纪套路直接套在我们的脖子上了。,1,2020-09-05 09:56:27,49,0
花木兰,文森特九六,星战外传：花木兰崛起,1,2020-09-05 13:23:20,124,1
花木兰,Luna,啥烂玩意儿。。,1,2020-09-05 02:11:50,44,1
花木兰,深山见鹿富平侯,粟特景教重装女骑士武装保卫鲜卑大汗的故事，和芝麻仁有什么关系。远东诸城邦的最期里倒是涌现了真的木兰，你们这些恰烂钱的加州康米又不敢拍。,1,2020-09-05 14:20:15,37,0
花木兰,唐朝,太难看了，想起当年看《雪花与秘扇》时的尬，不伦不类的尴尬，难道这是经过严谨考证后中国古代的真正民风民貌？剧情乏善可陈，角色更是典型的观念符号，两相叠加，就是一部电影的灾难。,1,2020-09-05 11:24:53,43,0
花木兰,坐好我要起飞啦,这个故事最本质的东西应该是对男尊女卑的社会性发问，片子却把这个力量卸了一部分到“人对未知事物的恐惧”搞了个女巫出来，士兵们的谈话有一次触及到这个社会性发问，片中的回应却是轻轻带过，毫无力量。更不用提细节上的各种画虎类犬指鹿为马。总的来说除了自然景色和刘亦菲的美，本片一星不值。,1,2020-09-05 12:47:36,36,0
花木兰,圆_Lost,"…比动画片难看多了，甚至都不像部电影了，刘亦菲真的全程呆若木鸡…我以为花木兰是一个秀美的女孩子，只是为了父亲不得不去从军，从军过程中慢慢成长并且显露出她坚韧的一面，变得更勇敢。结果竟然是从小喜欢武术，然后还有个什么“气”，必须女装才能用？这啥超能力啊，我以为在拍x战警呢谢谢。追求“真”才能打仗，而追求“真”的表现就是接受女装的自己，这也太表面了吧。 ",1,2020-09-11 06:11:46,45,0