,movie_name,id,short_comment,score,comment_time,votes,Fake,Marker1,Marker2,Marker3,Marker4,Marker5
0,送你一朵小红花,谋杀游戏机,跨年有这样一部电影上映真是再好不过，首先是大众层面的好看，一部非常流畅、情感饱满的商业片，其次它的主题——跨过难关，积极拥抱生活也很符合2020年的社会情绪。韩延导演有了上次《滚蛋吧！肿瘤君》的经验，各方面处理都更加成熟，将癌症、死亡这样中国人谈之色变的字眼引向温暖和力量，不去刻意做病情展示，更注重探讨患者的心理疗愈、每个人与家庭与社会之间的情感纽带。其实就算不讲癌症，这样的故事也有更广泛意义上的治愈作用。除了雨夜、家宴等肯定会成为泪点的戏份之外，片中其实很多小的情节也很戳我。比如韦一航和妈妈在卧室整理照片那段，母子俩互相坦诚了心底最害怕的事情，只有当他们向对方袒露出自己的软肋时，才互相理解了彼此。爱是很复杂的东西，有时候爱就是亏欠，就是负担，所以爱才沉甸甸呀。,4,2020-12-31 19:57:17,11751,0,0,0,0,0,0
1,送你一朵小红花,redemption,“在那两周之中，我体验到的完美时刻和完美日子要比我在生命中最后5年体验到的还多，或许，如果我的生活能以诊断之前的方式延续5年，我的完美时刻和完美日子也不会有如此之多。审视一下自己的时间表，你能在未来看到完美日子吗？或者说，你的完美日子是否正藏在某处，而你需要想办法将它们解锁出来呢？如果我让你以打造出30个完美日子为目标，你能做到吗？实现这个目标需要多长时间呢？30天？6个月？10年？还是永远都不可能？我觉得，自己在一天中活出了一周，在一周中活出了一个月，在一个月中活出了一年。”,4,2020-12-31 19:53:56,11078,0,0,0,1,0,0
2,送你一朵小红花,沈时安,“没发光的路灯想冬眠。”,4,2020-12-31 19:54:36,8742,0,0,0,0,0,0
3,送你一朵小红花,嘟嘟熊之父,一幅徐徐展开的自画像，无须加诸过多的戏剧注解，更与励志鸡汤无关。易烊千玺再次证明了他对于表演的超群领悟力，他几乎走向“演”的反面，不追求爆发，而是小心翼翼地隐藏，用紧绷的身体和躲闪的眼神靠近一种充满敌意的留恋，那里既有情窦初开的清澈，又有千帆过尽的沧桑。有那么多闪烁其词和言不由衷的时刻，唯独表白是坚定的，因为那一刻，他不再惧怕袒露自我，也不再纠结于得到还是失去。,4,2020-12-31 20:11:34,7898,0,0,0,0,0,0
4,送你一朵小红花,宇宙牌儿香烟,一个让我看得哭哭笑笑的好电影，导演把每个生活日常刻画得温暖细腻，不卖惨不煽情却感染力十足。表演方面，尽管已经有着很高的心理预期，易烊千玺几处高光表演依然震撼到了我，自然松弛的天赋型选手，分寸感拿捏精准，韦一航成为四字又一经典角色，配角演技全员在线。仔细想过，生命是不怕碎的，利刃会有柔情，每一处碎痕都绽出盈盈的笑和新年的报钟声。来年有新雪，也有春光融融。,5,2020-12-31 20:14:40,10194,0,0,0,0,0,0
5,送你一朵小红花,Remedios,中国人喜欢避谈生死，但2020年不管是对于整个社会或是对我个人来说，都是直面生死的一年。年初发小离世，年中最疼爱我的阿姨被查出乳腺癌晚期，年末的我，已经没有勇气再说我热爱生活了 。但这部电影告诉我，不需要考虑这个问题，只需要好好活在当下就好。就像韦一航，从一个丧萌的少年，变成坦荡的大人。如果不知道如何面对残酷的生活，那么，送你一朵小红花。,5,2020-12-31 20:20:12,8779,0,0,0,0,0,0
6,送你一朵小红花,葭月廿,千玺弟弟的演技长进好大,4,2020-12-31 19:50:04,6662,1,1,1,1,1,0
7,送你一朵小红花,zz,疾病并不可怕，可怕的是人有战胜它的心。承袭韩延导演《滚蛋吧！肿瘤君！》又一最新力作，香港金像奖最佳新人四字弟弟领衔主演。一朵小红花，串联起无数个与病魔抗争的个人和家庭。死亡面前，我们能做的，是保持希望和珍惜，用爱发光，战胜病魔。温情而现实，绝望又充满希望，是对2020最好的总结，也是对2021最好的期许。,5,2020-12-31 20:11:22,9782,0,0,0,0,0,0
8,送你一朵小红花,Alice,在这个特殊的年份的最后一天看这部电影，思考生命的意义。剧情吸引人，演技在线，达到预期。,5,2020-12-31 20:06:10,1952,0,0,0,0,0,0
9,送你一朵小红花,和乐yi,很温暖 很温暖呜呜呜呜,5,2020-12-31 20:14:06,1861,1,1,1,1,1,1
10,送你一朵小红花,通欣粉,这是电影结束亮灯后在座位上写的，手还抖着呢！迫不及待想跟大家分享，可是脑子还是乱糟糟的。只能说，看得真过瘾！这电影好真实，也好普通，就觉得韦一航和他家人就是我们现实生活中认识的人一样！他们的开心、伤心，一切的情绪都是可以联系到我们日常生活中的！2020年的最后一天有《送你一朵小红花》陪我度过真的很开心！希望大家2021可以心如花木，向阳而生！,5,2020-12-31 20:10:04,8657,0,0,0,0,0,0
11,送你一朵小红花,loll63,亲情真是最打动人的，韦一航很幸福呀，喜欢夏雨，随便一个表情都是戏，别玩了多出来拍点戏吧,5,2020-12-31 20:07:38,1718,0,0,0,0,0,0
12,送你一朵小红花,子安ZAN,如果《滚蛋，肿瘤君》是抗争与反省，那《送你一朵小红花》则是在阴影之后，如何拾起生活，谨小慎微，但却又处处碰壁。看似在正常的生活下面，都是每一个人的忍耐与努力，这种反差其实非常难拍。四字弟弟真的演的特别好，他拥有一个好演员的气质与个性，是灵气。刘浩存也是，所以这个片子题材很深，但是却用一种轻松积极的态度娓娓道来。突然想到在B站癌症逝去的Up主，最后还在努力生活，勇气的反复，这才是最动人的地方吧。,5,2020-12-31 20:28:57,1746,0,0,0,0,0,0
13,送你一朵小红花,百万米朴信惠,最佳：韦一航看到老吴的爱人照片那里,5,2020-12-31 20:01:31,4992,0,1,0,0,0,0
14,送你一朵小红花,花渡,爆了！悲伤到极致，即便是有故意堆料之嫌，但也远超导演前作《滚蛋吧！肿瘤君》，成为目前国产最佳的癌症片；浪漫/甜到极致，易烊千玺和刘浩存成功接续了《喜欢你》和《超时空同居》后的甜片断档；有趣到极致，碾压《温暖的抱抱》的本年度最高级的笑点；撩到极致，即便刘浩存演技还有些青涩，但真的太美太能撩了，真是私人年度惊喜影人啊。都去看看这部电影吧，不为易烊千玺，为了这部电影的所有工作人员们，为了这个动人的故事。唯一的缺陷就是后半程还可以再精简一点。2020院线片完美收官！,5,2020-12-31 20:20:30,1487,1,1,1,1,1,1
15,送你一朵小红花,草壁ヒカリ,"无比庆幸在这样一个特殊的节点，迎来了这部电影，让我能把眼泪留在这伤痛的一年，能带着勇气和憧憬迈进2021。抗癌题材看似沉重，更有人认为此情此景无异于""伤口上撒盐""，然而选择逃避和遗忘也并不能避开悲伤和阴霾。相反，这是部温暖、疗愈人心的好电影，它只想在2020年底送你一朵小红花，遮住你新添的伤疤，告诉你多么苦难的日子里，都已战胜了它，奖励你未来不管遇到什么，都不会忘记珍惜现在，积极生活。",5,2020-12-31 20:27:48,1425,0,0,1,0,0,0
16,送你一朵小红花,天坛东路,真的很感动！！！！！玛德哭死老子了！！易烊千玺牛批！！！,5,2020-12-31 19:52:51,6962,1,1,1,1,1,1
17,送你一朵小红花,BJH,题材很棒 虽然不是易烊千玺的粉丝 但是他接的题材都很棒 演技也很不错 而且里面的吴晓妹是个彩虹🌈 ,5,2020-12-31 20:26:11,1269,1,1,1,1,0,1
18,送你一朵小红花,牛轧糖,生活哪能是一帆风顺，我们每个人遇到挫折的时候都会沮丧。可是，我们还有很多爱我们的人，爱能让人变得坚强变得强大。这部电影每个演员都演得很好，生动形象刻画出每个角色，有幽默有感动，有泪有笑。有爱情、亲情、友情，构筑起一道道去对抗病魔的围墙。2020年，我们都不容易，但一切都会好起来的。加油，送你一朵小红花！感谢这部温暖的电影陪伴我们渡过2020最后一天，开启2021的第一天！,5,2020-12-31 20:29:35,1305,0,0,0,0,0,0
19,送你一朵小红花,维恩,本来已经预订心灵奇旅是年度最佳了，没想到啊没想到。不刻意是最高级的煽情。四字弟弟真的太可了！,5,2020-12-31 20:44:27,1250,1,1,1,1,1,1
20,送你一朵小红花,滋养丰富风味绝,这部电影的整体制作稳重，细节也抠得特别细。作为领衔主演易烊千玺个人的表现非常能扛，扮演一个普通人比扮演一个大人物更不容易，因为观众能一眼看出你是不是融入我们。与其说表演，不如说在体验。,5,2020-12-31 20:28:22,1230,0,0,0,0,0,1
21,送你一朵小红花,桃桃林林,可能这一年过得太丧了吧，这部电影看得我情绪波动特别大。其实片子就讲了两件事，一个关于亲情，一个关于爱情。人为什么会这么多困扰，终究是因为有牵挂的人了。前半部分是轻松的青春爱情片，后面则开始走心感人了。易烊千玺的角色还挺可爱的，会被他那种有些装酷的直男萌感所打动。而刘浩存在第一次的时装戏，也让我们完全看到了她特别青春和活力的一面，是真的让人心动的女孩。不过，最打动我的，应该还是亲情吧，每次看到父子关系的戏总是会被感动。归根到底还是那样，人生真苦啊！可能唯一的遗憾就是，后面收得不是那么顺畅，当然，对待这个问题，我也是无解的。,4,2020-12-31 22:35:11,1535,0,0,1,0,0,0
22,送你一朵小红花,十一月,刚刚看完，全场简直又哭又笑，前半段笑死我，后半段日渐带入。每个演员都很自然，果然一部好电影是所有演员的努力带来的。另外，感觉这部电影大型恋爱教育片（误），太真实，又太感动。不止于抗癌，也不止于生命。,5,2020-12-31 20:26:19,1178,0,0,0,1,0,0
23,送你一朵小红花,天台月光洒,太好哭了，无论如何都要热爱生活呀………洗涤心灵的电影。,5,2020-12-31 20:18:14,1127,0,0,0,0,0,0
24,送你一朵小红花,GALAXY,爱情电影教你如何撩汉如何表白 抗癌电影让你知道病人太需要信念以及父母沉甸甸的爱 #四字弟弟演技顶啊,4,2020-12-31 20:00:31,4703,0,0,0,0,0,0
25,送你一朵小红花,Lemon,又哭又笑 是温暖的！,5,2020-12-31 20:26:30,1021,1,1,0,1,1,1
26,送你一朵小红花,幸运鱼蛋,演技绝 同为00后 很多点都很有创意 跟我很多素材 教育方式很棒 编剧很棒 从小红花到义无反顾的点 不错,5,2020-12-31 20:09:09,1017,0,0,1,0,0,0
27,送你一朵小红花,乌龟@ 王小嗔,四字弟弟顶天牛逼！！！！！！前30分钟笑的有多开心后面一个多小时哭的就有多炸裂！！！！,5,2020-12-31 20:22:47,996,0,0,0,0,0,0
28,送你一朵小红花,朝暮雪,刚开始觉得韦一航很矫情，原来，他担心好不容易才和朋友建立了深厚的感情，就离开了这个世界，所以他不想要朋友，不想和任何人产生联系。既然终归会失去，倒不如从一开始就不拥有。困扰他的不仅仅是癌症，更是心病。韦一航是幸运，他在最孤独、最需要帮助的时候遇到了马小远，遇到了这个努力去理解他、对他没有偏见的人。是马小远让他第一次觉得自己不是累赘，是马小远让他体验有人爱、有人关心是什么感觉，让他可以体验普通人的生活，甚至，他们还可以去低配版南极、死海、撒哈拉……马小远走进了他的世界，又离开了，但她教会了韦一航爱与被爱。韦一航学会了如何去爱一个人，也终于知道他也值得被爱。虽然我们无法选择生死，但我们可以选择以怎样的方式活着。我们不知道明天和意外哪个先来，但我们可以选择丧和怂，也可以选择和生活死磕到底！,4,2020-12-31 23:03:34,509,0,0,0,0,0,0
29,送你一朵小红花,杉森小岛,看玺子哥和别人谈恋爱 还告诉我要乐观积极 / 看的第一场 放映结束大家都安静看到字幕完 😭 ,5,2020-12-31 20:19:14,925,1,0,1,1,1,1
30,送你一朵小红花,易南水,安康唯所愿，风雪小红花。韦一航终于从一只自卑敏感的小刺猬变成坦率的可爱狗狗了。感谢韦一航虽然还会过着死期未定的生活，但终于可以积极不拧巴了。说得残忍点，给他们一个痛苦与遗憾的出口，他们才能在你离开后问心无愧的开始新生活。15秒预告让我哭了好久。如果可以我也想好好活着，可这不是得了你们不顾一切也可能治不好的病了吗。如果我带着你们半辈子的爱意和财富就这么走了，接下来的日子该怎么办。可是小花啊，我爷爷也得了癌，我只是希望他在我身边说着笑着的日子能多一天是一天。,5,2020-12-31 20:43:16,894,0,0,0,1,0,0
31,送你一朵小红花,拍照记得插兜,太好哭了，不论是男孩女孩还是爸爸妈妈朋友路人，所有情绪的堆叠都好感人，希望这个世界没有病痛，没有烦恼，只有快乐和红花,5,2020-12-31 20:25:59,907,0,0,0,0,0,0
32,送你一朵小红花,Wuv-wuv,千玺的演技永远能带给我惊喜“你好 韦一航”,5,2020-12-31 22:28:52,848,1,1,1,1,1,0
33,送你一朵小红花,blood orange,迟迟不肯结束,4,2020-12-31 20:00:15,4065,0,0,0,0,0,0
34,送你一朵小红花,咕嘟咕嘟喝多了,笑中有泪，尤其喜欢电影最后的升华部分，在平行世界都有另一个自己。千玺的演技又提升了，电影真的巨好看，必须打五星！,5,2020-12-31 20:29:49,788,0,0,0,0,0,0
35,送你一朵小红花,momo,今年看过的最好的影片！！不同于《滚蛋吧！肿瘤君》，这部影片大面积的涉及到患癌病人的家人的生活现状和感受，生活气息满满，催泪点也满满。舍不得吃吃红烧牛肉饭的父亲，爱人自杀的打气群群主，周末兼职开滴滴的父亲，一毛两毛掐菜叶的母亲，还有很多很多……这些角色都像我们传达着我们的身边有很多很多病友之家，他们努力着，我们正常人又有什么轻言放弃的呢？爆笑点也满满，一点儿都不低俗，小年轻之间的暧昧，家人之间的小心思……普普通通的场景就这样显现着，真好！,5,2020-12-31 20:49:42,802,0,0,0,0,0,0
36,送你一朵小红花,呀,韦一航，我相信平行时空。平凡才珍贵，长大了，渐渐理解了父母的种种行为。千玺贡献了比前作更好的演技，好的演员不依赖导演，会自己琢磨人物，很喜欢他抠玻璃杯沿那里～中戏真好～ 韦一航终于到了他们的梦想之地，在那里马小远从未离开过，他们健康快乐地活着，其实那里就是他们的平行时空，寄托了他们最美好的向往。或许每个人都有自己和重要的人的平行时空，每当我们到了那里，他们都会默默地陪在我们身边，仿佛从来没有离开过。妈妈陶慧说人活着都会失去，我们都害怕失去，面对这种害怕最有力的反击是认真活好每一分钟，每一秒钟。,5,2020-12-31 20:10:01,6569,0,0,0,0,0,0
37,送你一朵小红花,十一号,有笑有泪，献给不平凡的2020，也献给努力生活的自己,5,2020-12-31 20:28:24,723,0,0,0,0,0,0
38,送你一朵小红花,冰桃雪梨,来看易烊千玺的第二部电影了！送你一朵小红花，奖励积极生活的我们。这个题材真的很好， 前半段幽默，后半段感人，没有刻意的煽情，都是真情流露，演员演技自然，好久没看到这么好的抗癌片了。,5,2020-12-31 21:17:38,732,0,0,0,0,0,0
39,送你一朵小红花,一然杂谈,#送你一朵小红花我赌30亿+谁会不喜欢马小远这样的姑娘呢？谁又会不羡慕这样有爱的家庭？坚强乐观的家长？谁又会不肯定易烊千玺的实力和努力？这是一部有爱的影片，看过后真的会有一种送给别人一个温暖的抱抱的冲动……感谢坐在我旁边的姐姐送个我的面巾纸，我的口罩哭到已经不能用了[流泪],5,2020-12-31 20:22:48,724,0,0,0,0,0,0
40,送你一朵小红花,郤诜高第,中戏第一入学两年的学习后演技上升了一个level,5,2020-12-31 20:29:19,677,1,1,1,1,1,1
41,送你一朵小红花,米勒的纹身,还有十几分钟就结束了 忍不住过来先评分真的太好看了 开始十分钟全影院都是笑声 慢慢的随着剧情发展 有笑有泪 太感动了。。。今年最好的电影🎬 没有之一。。。值得n刷。。。,5,2020-12-31 20:06:12,673,1,1,1,1,1,0
42,送你一朵小红花,海山,哭得我眼睛都肿了……很喜欢马小远和韦一航假装环游世界那个部分。要认真生活，要用心生活，要过好每分每秒，要勇敢地争取自己想要的生活。,5,2020-12-31 20:54:30,619,0,0,0,0,0,0
43,送你一朵小红花,狐狸成仙,几次以为要结局了，结果等到了反转。两位主演身上都有一种干净的气质，易烊千玺演戏自然、真诚，细腻的表演让人更有代入感，刘浩存眼神清澈、演戏有灵气，看到了两位主演身上更多的可能。韦一航以女儿的名义给父亲送红烧排骨饭，给了他生的希望、对未来的寄托。即使生活艰难，尽是辛酸与苦楚，两个家庭仍然努力为韦一航和马小远建立出积极乐观的环境。背景乐和青海湖结合，震撼人心，气氛营造得好。生活里既有冲突，也有欢乐，这部电影尺度把控合适。,4,2020-12-31 20:29:51,531,0,0,0,0,0,0
44,送你一朵小红花,厦门楚雨荨,"太好哭了吧,父母真的是软肋也是铠甲,珍惜生命珍惜爱的人",5,2020-12-31 20:24:01,608,0,0,0,0,0,0
45,送你一朵小红花,特殊字符,人要哭傻了。易烊千玺与韩延果真没有辜负期待。前半段越是快乐可爱，我就越紧张害怕，于是连自己的欢笑欣慰都是小心翼翼的，像是一碰就碎的精美瓷器。我要替另一个平行世界饱受病魔煎熬的自己，好好活着，替他更努力地去面对这个美丽世界。,5,2020-12-31 20:33:00,600,0,0,0,0,0,0
46,送你一朵小红花,朱古力,从易烊千玺角度，他目前是年轻演员里演戏最动人的。如果少年的你是他的白夜行，小红花就是他的解忧杂货铺。导演是真正的少年，想给你一朵小红花,5,2020-12-31 20:25:33,528,0,0,0,0,0,0
47,送你一朵小红花,ELEVEN,好看好看好看,5,2020-12-31 20:10:12,531,1,1,1,0,1,1
48,送你一朵小红花,🕊,前半部分的一些笑点之下虽然隐含着癌症患者的心酸，但很好的缓冲了抗癌题材的沉重。如果因为癌症不能户外探险，就找喜欢的人一起幻想去实现它，太浪漫了。夹杂着「失恋水」「不共戴天」的叫做「义无反顾」。2020，送给生活积极的你一朵小红花。🌸,5,2020-12-31 20:40:54,494,0,0,0,0,0,0
49,送你一朵小红花,Gute Nacht,对易烊千玺又有了全新的认知,5,2020-12-31 21:30:03,477,1,1,1,1,1,1
50,送你一朵小红花,秃毛驴,2020的最后一天赶上大堵车，差点赶不上6点25的那场，大马路上一路狂奔，也算是2020的大放肆。这部电影里易烊千玺就是韦一航，一个有点丧有点怂的普通男孩子。要演普通人更难，但千玺的表演会让我沉浸在这个角色里。当然长辈们的表演也特别好。2020告别所有的苦难与遗憾，送你一朵小红花，也送我一朵小红花。,5,2020-12-31 21:09:52,475,0,0,0,0,0,0
51,送你一朵小红花,笔尖猫墨,好看。活着，不管是普通人还是病人还是谁，都应该好好地活着，去热爱生活。特喜欢两个人高仿冒险那段。刘浩存也太好看了！行呗，我直接爱上了！,4,2020-12-31 20:09:33,3186,0,0,0,0,0,0
52,送你一朵小红花,付是杉,影院里此起彼伏的哭声还在脑海中萦绕，但相信平行时空的人会收获幸福。,5,2020-12-31 20:34:58,438,0,0,0,0,0,0
53,送你一朵小红花,neverland,如何能在眼泪中带着欢乐在离别中带着治愈走出电影院,5,2020-12-31 20:00:14,418,0,0,0,0,0,0
54,送你一朵小红花,momo,看了珍惜版预告，有想看的欲望👍🏻人不管有病没病，有胆没胆，活的就是个精气神儿，老这么丧着不行啊！,5,2021-04-04 10:42:58,374,0,0,0,0,0,1
55,送你一朵小红花,茯苓,普通中见了真情，平凡中现了勇气，这样普通家庭的抗病生活真的可以温暖和鼓舞我们善待身边的人，珍惜每一天！给主创团队大大的赞，易烊千玺全方位立体地塑造了一个又怂又作又温暖善良的生病大男孩，女主的表演也令人感动，爸妈老马小吴都是更难的家人，看完是流着鼻涕挂着泪的暖心感觉，不虐不伤不揭疤不刻意刺痛什么，但是那股来自所有人的温暖力量会久久不散！,5,2020-12-31 22:14:47,411,0,0,0,0,0,0
56,送你一朵小红花,没有脑袋,送你一朵小红花，值得。,5,2020-12-31 20:44:42,414,1,1,0,1,1,1
57,送你一朵小红花,深海石,电影的特质是故事影像化的再现，如果它又与观众产生了某种情感上的互动，那么说明它是一部好电影。《送你一朵小红花》的画面、情节、人物极尽写实，一对身患癌症、虽然治愈却随时可能复发的男女，相互扶持去与世界达成和解的经历，因真诚而让每一位荧幕外的人感同身受。新生代几位年轻演员表现亮眼，现今的中国影视圈，每个年龄段都有可称道的演员，属实幸事。,5,2021-04-04 08:21:48,383,0,0,0,0,0,0
58,送你一朵小红花,❤,真的真的要带纸巾！和同事五个人一起去的！两包纸没用够，并不是多么悲，而是真的每一个画面，每一句台词都直击内心！易烊千玺，再次惊艳了我！明天和闺蜜去二刷！,5,2020-12-31 21:01:24,407,1,1,1,1,1,1
59,送你一朵小红花,dreamふル,易烊千玺牛逼演技牛逼,5,2020-12-31 20:09:30,396,1,1,1,0,1,1
60,送你一朵小红花,爱看电影啊☀️,温情的电影！！！难熬的2020过去了，2021就要来了！！！！送积极生活的大家一朵小红花呀！！！,5,2020-12-31 22:14:57,373,0,0,0,0,0,1
61,送你一朵小红花,今天阳光真好,真的不错，全员演技在线，有泪点也有笑点，关于亲情，关于爱情，关于平凡人的生活，关于特殊群体的生活，我爱这个世界,5,2020-12-31 22:14:55,390,0,0,0,0,0,0
62,送你一朵小红花,啊喂阿维,在知道结局是苦的前提下，前半段甜的有些脱离现实。但考虑到是艺术作品的情况下，谁又不希望这些生活在折磨和绝望里的孩子们能够得到这样的爱呢？最后，从长安到少年的你再到小红花，易烊千玺值得我给他最大的敬意。一位年轻的、不断进步的、对工作充满敬畏心的好演员。,4,2020-12-31 20:12:12,2814,0,0,0,0,0,0
63,送你一朵小红花,3号厅检票小哥,今年也遇到了亲属长辈去世，这个分数肯定是有点私心的。我个人是喜欢这部电影的。我看到易烊千玺在一开始驼着背，微缩脖子，靠着墙的时候，我就知道这个人物应该能立住了，这片子有戏了。细节的设计决定了我对它的喜欢。不敢让儿子发现自己哭了的母亲，只敢擦眼镜。聊到死亡的时候家里洗衣机响了，和心电监护器叫声一样，桌子腿底下的垫纸透视整个家庭的欢乐背后的窘迫。岳云鹏钱包照片里的彩虹力量，易烊千玺鞠躬时下垂的手臂，不舍得洗掉的小红花。总而言之，这是一部细节好到让我忽略很多瑕疵的片子。当然啦，我个人还是觉得结局停在马小远喊韦一航名字的那一刻或许更好。,4,2021-01-01 13:35:34,417,0,0,0,0,1,0
64,送你一朵小红花,Guess,配角太出彩了，关于家庭那部分不要太细节，也是最能让观众感同身受的。赚眼泪。千玺越来越好了啊，加油哇,4,2020-12-31 20:24:28,322,0,0,0,0,0,0
65,送你一朵小红花,姜镱圩,期待了很久的电影吧，前半段在笑后半段哭到失声。很现实的一个题材,5,2020-12-31 21:09:56,382,0,0,0,0,0,0
66,送你一朵小红花,Alkalineee,“小红花 奖励你人生第一次积极主动”“大人才考虑傻不傻 小孩只考虑能不能变成真的”在死亡来临时死神的面前，究竟能看见什么？是未来。是温暖。是特异功能。,5,2020-12-31 21:50:04,361,0,0,0,0,0,0
67,送你一朵小红花,maomao,从不共戴天到义无反顾,5,2020-12-31 21:09:56,321,0,0,0,0,0,0
68,送你一朵小红花,嘻嘻嘻嘻,韦爸韦妈的话治愈了我  韦一航和马小远的相处细节 细腻心思治愈了我,5,2020-12-31 21:09:29,365,0,0,0,0,0,0
69,送你一朵小红花,天上人间,看到两包纸巾都不够擦，笑着笑着就哭了，还幽默的让人心疼，这样的题材，这么好的演员，你们就是一家人，也谢谢你易烊千玺，谢谢你选择做演员，让我们看到不一样的易烊千玺，把每一个角色都演绎的那么真实，你就是韦一航啊！就像小北一样，无人超越！,5,2020-12-31 22:19:52,356,0,0,0,0,0,0
70,送你一朵小红花,Pikachu,如果有什么东西可以永远支撑你，那一定是父母的爱。,5,2020-12-31 20:48:51,325,0,0,0,0,0,0
71,送你一朵小红花,幻幻瑜,真的泪点笑点都在了！易烊千玺真的太让我惊喜了，和之前小北完全不是一个人，韦一航的所有丧的那种状态，真的揣摩的相当好！还有各种小表情真的特逗和家人的感情戏真的太感人了，让我眼泪一直的掉。还好给了我一个不错的结局，可以让我释怀。这真的绝对值得去电影院看的好电影，易烊千玺就是一个好演员！和我同去的同事，全军覆没，全哭惨了。,5,2020-12-31 22:19:52,349,0,0,0,0,0,1
72,送你一朵小红花,只手可摘⭐,得了癌症不管是对本人还是对家人来说都是一件很难受的事情，易烊千玺演的很好，把那种感觉演绎的淋漓尽致！是一部很值得看的电影,5,2021-04-04 11:43:46,332,0,0,0,0,0,0
73,送你一朵小红花,许七安,天天开心 🌞,5,2021-04-04 10:31:56,313,1,1,1,1,0,1
74,送你一朵小红花,阿米尔瀚,四字的演技对比少你有了很大的提升，果然中戏没有白读。每个演员都贡献了好的演技，包括配角，每个人都有高光时刻。四字把一个中二少年演绎的很好，十八九岁的少年就是这样，任性冲动平时酷到不行私下却是个小可爱，还有岳云鹏老师，第一次看他这么正经的演戏，竟然不觉得出戏，爸妈演的很好，感觉他们就是一家人。平凡的生活带来平凡的感动，是一部温暖人心的电影。,5,2020-12-31 22:24:37,317,0,0,0,0,0,0
75,送你一朵小红花,frozenmoon,易烊千玺的演技确实惊艳，这么小的年龄，这么松弛有度的表演，真是不可限量。那段醉酒表白的戏确定无疑看得出功力。这电影其实就是个标准制式的绝症类型片，中间俩人假装周游世界的部分挺尬的，只是后来给救回来了。在目前大银幕上的整体质量中对比，这已经算是不错的作品。我们只有这样的电影没有什么外部压力，似乎谈的又是生死大问题，显得很深刻，但实际上并无法真的深刻。,4,2021-01-01 20:39:38,170,0,0,0,0,0,0
76,送你一朵小红花,旺仔羊奶,因为自己周围也有癌症群体，所以特别能感同身受，看的过程数次落泪。男女主的爱情太美好了太甜了，但更触动我的还是韦一航和爸妈的那一条线，一个普通的家庭普通的生活，可能就是这种普通吧特别打动我。值得推荐！,5,2020-12-31 19:58:53,5356,0,0,0,0,0,0
77,送你一朵小红花,小A,男女主角写得很好，外向开朗大大咧咧的女生，因为得病而自闭，畏惧付出真心而对喜欢的人具有攻击性的男生，两人化学反应是好剧本的优质素材。华语电影界比较害怕写女生主动的爱情，本片编导艺高人胆大，末世恋爱既单纯又热烈。但韩延和编导明显不满足于此，加入对社会现实的讨论。需要积极叙事的人乐观吗？直面不正常的人悲观吗？“你的身体属于你也属于我”的封建大家长和受控制的妈宝。病人闯办公室加塞让我看到简略处理背后编导的态度。韩延比前作更进一步，懂电影有追求。易烊千玺细微之处表演很见水平。,4,2020-12-31 20:54:58,234,0,0,0,0,0,0
78,送你一朵小红花,勇子,这朵小红花  送给你,4,2020-12-31 20:14:35,254,1,1,0,1,1,1
79,送你一朵小红花,桃桃子,好悲伤啊,5,2021-04-04 06:55:41,245,1,1,1,1,1,0
80,送你一朵小红花,青藤走狗,结尾像拉稀，略拖沓了，其实没啥必要。整体算不错，这种节奏柔缓的故事一向很对我口味。以这样一部题材的片子来作为2020年最后的注脚倒也挺搭。另，四字演技没拖后腿，虽然早就看过他在《少年的你》里的表现，这次还是带给了我另一些惊喜。（音乐也很棒）,4,2020-12-31 20:35:04,197,0,0,0,0,0,0
81,送你一朵小红花,小小白,让我没绷住的是爸爸坐在医院门口吃外卖那段。,4,2021-03-05 23:43:03,121,0,0,0,0,0,0
82,送你一朵小红花,邓安庆,真挚动人，让人泪目，但并不一味让人悲痛。两位少年之间的情感，易烊千玺和刘浩存表演得非常自然，让人忍不住随之情绪起伏。朱媛媛和高亚麟不愧是戏骨，细节处理得细腻生动。雨夜表白、父子冲突……几场对戏都不错。很喜欢！,4,2020-12-31 21:51:51,149,0,0,0,0,0,0
83,送你一朵小红花,谁知黑择明,送你一朵小红花,5,2021-04-04 02:01:12,247,1,1,1,0,1,1
84,送你一朵小红花,fanansheng,《小红花》的质量这么好，远超出我的预期了，可能是今年质量最好的片子，推荐大家一定要看下。易烊千玺这几年的片子，质量都很不错啊，演技越来越好了，已经是实力演员了，牛。小花刘浩存演的也很好，比之前《一秒钟》里的表现好，其他几个老戏骨的配戏，也杠杠的啊。厉害了！,5,2020-12-31 20:34:07,268,0,0,0,0,0,0
85,送你一朵小红花,常开心常健康,选择在2020年这个caodan的年末的最后一天看小红花，大概就是对自己过去不放弃更努力生活的最好的奖励。影片开头是被两个小年轻的甜甜生活和风趣幽默的一家人而开颜，后面随着剧情推进，影院里开始不时响起抽泣声，你走进每一个抗癌群众的生活，仿佛有一种力量牵引。这部片子其实本质不是在讲抗癌，而是在讲围绕一个抗癌家庭周遭所展开的情感纽带。最后真的有被治愈。从影院出来第一件事，打了一个电话回家里，和爸妈报声平安。2021，欢迎你！,5,2020-12-31 21:55:00,273,0,0,0,0,0,0
86,送你一朵小红花,后自愈,人群中唯唯诺诺的壁花、隐忍或爆发的哭戏、上了大学之后的成熟男孩，易烊千玺都能一一应对。玩世不恭却不招人反感，这个度拿捏得很好。天赋和运气，他都有了。韩延的发挥一向挺稳，欢快与悲情基调交错，也没有说教意味。其实除了癌症的部分想额外说一下韦一航的父母，他们可真好啊。尊重孩子的选择，把孩子视为独立个体，从不涉及孩子的情感问题，对，这个片子里没有早恋一说。这一点，是我觉得当下最宝贵的。,4,2020-12-31 22:14:06,128,0,0,0,0,0,0
87,送你一朵小红花,kristy,易烊千玺演技很好👍，好喜欢韦一航跟其父母的戏，这个电影的代入感很强，所有的无奈悲伤欢喜生活的点点滴滴都那么真切，我希望2021年每个好心人都开开心心、心想事成❤,5,2020-12-31 22:14:43,259,0,0,0,0,0,1
88,送你一朵小红花,东北洪常秀,四字团队会选本子，四字争气！最后也为岳岳钱包照片上的小彩虹点赞，给所有认真生活的人都发一朵小红花。,5,2020-12-31 21:31:11,234,0,0,0,0,0,0
89,送你一朵小红花,甜甜甜甜椒,爸爸妈妈真的是太好了，打了儿子一耳光又过来送药，真的是泪目了😷没有刻意的煽情，却很容易共情，会让我不自觉的就想，如果我身边有人生病了，我真的会很难过🥺,5,2020-12-31 22:19:55,255,0,0,0,0,0,0
90,送你一朵小红花,森林深处的一只,生活虽苦，但仍要咬牙坚持，奖励积极面对生活的自己，送你一朵小红花,5,2020-12-31 22:19:47,245,0,0,0,0,0,0
91,送你一朵小红花,MASAMI,要是世界上所有的演员都能明白，演戏越克制，越在细节“轻描淡写”做文章，越动人，就好了。若说有什么缺点，剧情某些地方发展有点跳跃，小毛病，瑕不掩瑜！,5,2020-12-31 20:42:31,259,0,0,0,0,0,0
92,送你一朵小红花,小一,这部电影是生活写实，易烊千玺演出了一个只属于韦一航的韦一航。父母与孩子之间的牵绊也让我想起了自己的父母，在这艰难的生活里，希望我们都找到一朵小红花。,5,2021-04-04 12:53:53,245,0,0,0,0,0,0
93,送你一朵小红花,彻青,笑中有泪，泪里还有着对生活的积极态度。蛮有生活气息的一部电影，小细节很多，能感受到酸甜苦辣。看完感觉蛮温暖的。,5,2020-12-31 22:19:57,239,0,0,0,0,0,0
94,送你一朵小红花,西风凋碧树,最后面对羊群怼脸流泪那一幕真绝了,5,2021-04-04 13:02:05,225,0,0,0,0,0,0
95,送你一朵小红花,支离疏,这部电影是表演的胜利。证明了演员演技全体在线（真的找不出一个拉胯的）后可以将一个在立意和叙事上并无太多新意的电影加成到何等地步。小岳岳的表演算是他无数客串生涯里的最佳吧？整部电影的叙事节奏其实是情绪节奏，所以显得很饱满，煽情处基本比较克制，不招人烦。四字弟弟的表演层次又丰富了，要较真的话当然还有不足，可已经足够撑起角色了，有几个瞬间的感染力真棒。四字的角色设定本身就是对鸡汤正能量的一种反讽，然而最终呈现在电影中的算是萃取过的鸡汤了，从反入正，故事自身的价值扭转，设计得好。总之，韩导越来越成熟了。,4,2020-12-31 20:50:54,170,0,0,0,0,0,0
96,送你一朵小红花,Curie,欠你一张电影票,5,2021-04-04 00:59:17,228,1,1,0,0,1,1
97,送你一朵小红花,超肥玛丽,夏东海哭的太有感染力了，每次都让我泪流满面。还有吃牛肉饭的爸爸，几乎没什么台词但是哭死我了！前半段轻松言情爱情，后半段积极生活珍惜每一天！(岳云鹏说台词字正腔圆但是毫无感情),4,2020-12-31 20:24:05,178,0,0,0,0,0,0
98,送你一朵小红花,旋律Ars,身为医务工作者，我建议不要看这个电影。我是真的绷不住，希望病魔远离所有人。,5,2020-12-31 22:44:45,213,0,0,0,0,0,0
99,送你一朵小红花,佐罗大王🌸,哭得头疼。,5,2020-12-31 20:21:37,227,1,1,1,0,1,1
100,送你一朵小红花,枫叶🍁,温情，笑点多过泪点。韦一航、马小远真实的让我代入了自己，在遇到困难的时候有点丧或者伪装坚强，但总不自觉在最亲的人面前绷不住自己。我们都害怕失去，但失去不可避免，那就好好过好每一天。2020再见了，送你一朵小红花，因为你学会了和自己和解，明年继续加油哦,5,2020-12-31 21:49:25,243,0,0,0,0,0,0
101,送你一朵小红花,朋克林黛玉,我最喜欢的场景其实是父母手牵手过马路的地方，包括平行时空的设定，在某种程度上安慰了我，那段时间真的很怕自己生病或者突然死掉，这个场景让我觉得即使我不在了我爸妈也可以继续生活，我也会想一想平行时空的我是什么样子的，对死亡能够更平静的接受吧。,5,2021-04-04 13:08:04,221,0,0,0,0,0,0
102,送你一朵小红花,明天的记忆,送给积极生活的2020儿们！,5,2020-12-31 22:20:00,214,1,1,1,1,1,1
103,送你一朵小红花,一个好名字,我的2020过的一塌糊涂，但我感谢其中的所有感动和不完美与完美。2021一定要努力一点认真一点。,5,2020-12-31 20:45:38,242,0,0,0,0,0,0
104,送你一朵小红花,進擊的内内DEATH,作为一个脑瘤患者，看完电影后觉得很真实，韦一航的丧，千玺演的很真实，让我想到了我自己。我特别喜欢电影里的家庭氛围，电影强调了癌症病人身边的家人的世界。回想我去年在医院里也是那样的丧，因为术后造成偏瘫，跟植物人没啥区别。和家人乱发脾气…总反复说着我做不到，我不会走路了…但是爸妈依然耐心的陪伴我…小红花不愧是千玺在中戏熏陶过后的作品。表演更成熟了。我带了一大包纸巾去 没想到几乎没用着，电影非常积极，一航也不再是那个蘖了吧唧的人了，积极生活 和社会交流 放开自己。有时打垮自己的不是病痛更是那个丧的自己。克服自己丧的部分，我的医生也一直建议我要乐观 开心过好每一天，不要有思想包袱。2021第一个月底 我会再次去做复查，希望能和一航一样不复发…一直保持下去！2021要做更好的自己。,5,2020-12-31 22:30:04,1256,0,0,0,0,0,0
105,送你一朵小红花,远岫与岚,只能说千玺的演技值得！,5,2020-12-31 22:14:52,208,1,1,1,0,1,1
106,送你一朵小红花,豆豆痘痘,好久没来豆瓣了，因为最近实在是过得太匆忙。今天跨年，也终于能在下班后走进影院安静的看完一场电影，不得不说，我的选择很明智，小红花正如其名，温暖又浪漫，完全没有想象中的充满沉痛与伤感，反而处处惊喜，笑着笑着就哭了，哭着哭着就又笑了，十分奇妙，也充满慰籍，希望这份暖能一直持续下去，这也算是送给自己的一份开年礼物，送我们一朵小红花，2021继续加油！,5,2020-12-31 20:42:12,229,0,0,0,0,0,0
107,送你一朵小红花,jjjj,易烊千玺演技不错,5,2021-04-04 13:08:25,215,1,1,1,1,0,1
108,送你一朵小红花,冰墩子,前笑后泪，非常动人，非常真实的电影,5,2020-12-31 20:38:55,227,1,1,0,1,1,1
109,送你一朵小红花,北茶涪年,影片讲的是抗癌之间的温情故事。希望每位病患看到这部电影后心灵都能被治愈到！韦一航一家的亲情戏真的好戳我！好喜欢,5,2021-04-04 13:15:21,216,0,0,0,0,0,0
110,送你一朵小红花,凯迪拉克漱口杯,太好哭了，作为每天跟肿瘤病人还有他们家属打交道的人我在电影院泣不成声，作为医生我们能做的实在太少了，更多的是患者和家属的付出，他们真的太不容易了，借用影片的片名来说送他们一朵小红花,5,2020-12-31 20:45:35,240,0,0,0,0,0,0
111,送你一朵小红花,海上那点白,2020/12,5,2020-12-31 20:09:51,216,1,1,1,1,1,1
112,送你一朵小红花,三山旧梦,未始有物，天地有大美而无言。,5,2020-12-31 20:15:06,4106,0,0,0,0,0,0
113,送你一朵小红花,朝露i,  艺术源于生活而又高于生活，自己往后也不能再这么丧下去了，积极乐观的面对生活,5,2021-04-04 00:40:56,209,0,0,0,0,0,0
114,送你一朵小红花,跃进,送你一朵小红花  奖励今天主动的你,5,2021-04-04 13:11:36,208,0,0,0,0,0,0
115,送你一朵小红花,豆友205566698,真的是为千玺骄傲，我要一直做你的影迷！真的很自然很自然，电影很温馨而且搞笑，只有经历过，才能更有资格说感同身受吧！生病了难，但家人更难！但一家人一定要坚强一起陪着战胜它2020年快要end了，但我们会迎接新的2021，希望新的一年，能让我心心念念的人好一点，我们一起克服啊,5,2020-12-31 22:44:43,213,0,0,0,0,0,0
116,送你一朵小红花,若若不畏,送你一朵小红花 奖励你 有勇气 主动来和我说话,5,2020-12-31 22:14:46,204,0,0,0,0,0,0
117,送你一朵小红花,fortunateChris,2020最后一部电影,5,2020-12-31 21:30:03,198,1,1,1,1,1,1
118,送你一朵小红花,查斯特的公园,总会有失去，那就把现在每一分钟都过的没有遗憾。😭😭😭,5,2021-04-04 00:41:15,208,0,0,0,0,0,0
119,送你一朵小红花,Sion,好看,5,2021-04-04 01:26:48,201,1,1,1,1,0,1
120,送你一朵小红花,巴塞罗那,一部适合家人，朋友，情侣一起去看的电影，不会后悔，每一个人都演技在线，毫不夸张。,5,2020-12-31 22:24:50,203,0,0,0,0,0,0
121,送你一朵小红花,maria迪,在不平凡的一年即将结束的最后一天去看了小红花，心里暖暖的。抗癌电影没有特意强调悲的部分，一直在给人以希望，让人有继续坚持下去的勇气。演员全部演技在线，舒舒服服的度过了两个小时。,5,2020-12-31 22:19:44,199,0,0,0,0,0,0
122,送你一朵小红花,热心市民闫先森,送你一朵小红花，奖励你人生第一次积极主动，还有这部电影我的三次泪崩。,5,2021-04-04 01:19:03,204,0,0,0,0,0,0
123,送你一朵小红花,木石子,2020最后的眼泪留给“小红花”，希望大家在新的一年开开心心，别再那么“丧”了！,4,2020-12-31 20:26:36,163,0,0,0,0,0,0
124,送你一朵小红花,8.24.,很感人的一部电影，每个演员的演技都在线，好几个点都很好哭，给每一个普通的我们，送你一朵小红花！,5,2020-12-31 20:45:41,207,0,0,0,0,0,0
125,送你一朵小红花,薛定谔的脑子,韩延了不起,5,2020-12-31 20:27:49,204,1,1,0,0,1,1
126,送你一朵小红花,mxs夜蝶,从妈妈得了鼻窦癌到现在整整一年了。怎么过来的我都快忘记了，生活很苦，但也总有希望，送你送我一朵小红花，四字弟弟演技真好呀，比第一部电影更加细腻，演技共情能力好强，女主感觉也比一秒钟好，很漂亮，老戏骨们演技更不用多说了，2020要过去了，2021继续努力加油。🌸,5,2020-12-31 20:45:31,203,0,0,0,0,0,0
127,送你一朵小红花,乍暖,有抚慰人心的力量，尤其放在20与21的交接点。易烊千玺演技太好了，颤抖的手指和蜷缩的身体，细节动人。笑点密度和设置明显增强了也聪明了。彩蛋还蛮多的，韩延要自成宇宙了。男女主角的互动让我想到了《怦然心动》，深夜在动物园边听声音真浪漫啊～（扇完巴掌后父亲的道歉我忍不住哭了，将自己整个人带入了角色，我希望我的父亲能那样，但没有机会了。）,4,2020-12-31 21:18:13,126,0,0,0,0,0,1
128,送你一朵小红花,豆友203343159,有笑有泪，前半段俏皮，后半段剧情急转直下，然而不变的是始终贯穿全片温情的底色和积极向上的主题。没有我担心的刻意煽情，韩延这次很棒，给他一朵小红花，摄影配乐剪辑也都恰如其分。最后当然要夸夸我的易烊千玺，两年的潜心学习让他的表演更加游刃有余，张弛有度，我为你骄傲！,5,2020-12-31 20:42:23,201,0,0,0,0,0,0
129,送你一朵小红花,Mark,看到医院门口没了女儿的父亲，眼泪止不住的流！,4,2021-01-26 00:31:23,113,0,0,0,0,0,0
130,送你一朵小红花,鹿鹿,活着本身就不是一件容易的事儿，要过好每一分每一秒。,5,2021-04-04 00:14:48,173,0,0,0,0,0,0
131,送你一朵小红花,高冷的溧,很好看，有点笑点有泪点，每个演员的演技都很不错，即使是小小的配角。非常推荐,5,2020-12-31 22:24:39,188,0,0,1,0,0,0
132,送你一朵小红花,Escalin,四字真是TF三个里对自己定位最明确的了 有两个片段相当出色 刘的表现很不错 比起一秒钟的表现好太多了,4,2020-12-31 20:22:36,154,0,0,0,0,0,0
133,送你一朵小红花,鲁不逊,谁都会害怕失去，再乐观的人也会有绷不住的那一刻，所以无论如何认真的过好每一天吧，无论悲欢喜乐。,5,2021-04-04 00:02:06,178,0,0,0,0,0,0
134,送你一朵小红花,肥囡,非常好看，值得去看,5,2020-12-31 22:14:38,184,1,1,1,1,0,1
135,送你一朵小红花,芋泥我吃,迟来的打分 车上的隐忍哭泣还有一大家人的饭桌 我认为的高光时刻,5,2021-04-04 13:31:14,172,0,0,0,0,0,0
136,送你一朵小红花,wowo,也就哭了三四次吧？好想积极面对生活啊,5,2021-04-04 00:12:16,178,0,0,0,0,0,0
137,送你一朵小红花,每日CC,"8分 不完美，但是打动我了
低于评分➕一星
亲情触人心底，爱情青涩甜蜜！
告别2020！希望2021一切顺利！
送我一朵小红花❀",5,2020-12-31 22:20:00,182,0,0,0,0,0,0
138,送你一朵小红花,土豆牌,以往跨年，会选择和家人看一部合家欢。但因为今年的特殊情况，选择了这部抗病题材。电影拍得并不沉重，幽默温情、表演可爱、情感饱满，四字弟弟，再次用“眼神”和身体“语言”证明了一个演员的天赋。相比《肿瘤君》，《小红花》有更多对生的渴望，对生命的敬畏，这样的表达，在这个年份显得更温暖人心,5,2020-12-31 20:55:36,190,0,0,0,1,0,0
139,送你一朵小红花,yoyo,好电影。另：我真的非常非常非常喜欢这个电影的名字，“送你一朵小红花，遮住你新添的伤疤。”它太温柔了，像是包含了所有亲人小心翼翼的关怀，病友互相的支撑，以及一切陌生人的暖意。——微博@ 高大芳,5,2020-12-31 20:29:58,3213,0,0,0,0,0,0
140,送你一朵小红花,我叫他小文物,前面真的笑抽了 超级好笑 到中间和后面又好好哭！总之真的太好看了！易烊千玺演技一如既往的稳！🌺🌞,5,2020-12-31 22:24:39,171,1,1,1,1,1,0
141,送你一朵小红花,漙漙,与其害怕失去而唯唯诺诺地生活，不如勇敢去面对和珍惜。,4,2020-12-31 19:57:09,147,0,0,0,0,0,0
142,送你一朵小红花,茶多酚,温馨，治愈，感动,5,2020-12-31 20:28:23,157,1,1,1,1,1,1
143,送你一朵小红花,壹贰叁肆伍,不管有病没病每个人都要努力的活下去。韦一航就是我们生活中的每一个普通人，当我们遇到困难时，要学会认真努力的生活下去。,5,2020-12-31 20:44:06,171,0,0,0,0,0,0
144,送你一朵小红花,无敌的豌豆,再乐观的人也有被生活打垮的那一刹，丧也没什么不好，只是不要丢了向往美好生活的热情，就像那朵永不凋零的小红花，因为你的积极才拥有它。勇敢地去做你想做的吧，大人才考虑傻不傻，小孩只考虑好不好玩。,5,2021-04-04 13:52:40,148,0,0,0,0,0,0
145,送你一朵小红花,一颗好心:),身体健康 就是人生最大的幸福.,5,2021-04-04 00:26:22,159,0,1,0,0,0,0
146,送你一朵小红花,leslie2020,刘浩存真不错,5,2020-12-31 20:19:34,160,1,1,1,1,1,0
147,送你一朵小红花,Zoe,在今天（清明节）这样的时刻看完这部片子，想起自己因癌症去世的父亲，整个电影哭了好几次，拍得很美很戳人。最后小红花的音乐响起，潇洒哥却已经收不到了，短视频里被记录下来的人间之爱，不知道他们之后的生活有没有好起来。生活好难，生活好苟，为了坚持下去，我们需要鸡汤，也需要啤酒；需要亲人情侣朋友间的爱，也需要梦里的、远方的、平行时空里的湖和羊群。,5,2021-04-04 14:13:00,133,0,0,0,0,0,0
148,送你一朵小红花,1128,千玺演技很好，期待新电影！,5,2020-12-31 22:19:54,144,1,1,1,1,1,1
149,送你一朵小红花,大聪,《送你一朵小红花》的层次感拍得很丰富，细节铺垫和编织很多，有亲情有爱情有温情，影片段落之间控制有度，节奏感把握很稳，这是绝症卖惨题材难得的一种克制，从而让影片不会一直处在情绪低谷。而且相反影片前半段那些轻松生动的幽默，让人看到了更多的乐观开朗，后半段也没有完全走狂澜煽情路线，而是让他们坠入更复杂的现实中，去面对那些无法回避的难题，也更凸显男女主角的情感。四字弟弟和刘浩存两人的组合，情感真情流露自然可爱，加分了更多影片意想不到的惊喜，视觉看脸是一场享受。当我们看到处于接近完美年龄和颜值的两人，却要面对现实中病魔带来最大的无力感，生活的磨难没有摧毁他们，而是让他们成为了更坚强的人，在疫情当下，我们不正是需要这样的信念和勇气吗。,4,2021-01-01 16:34:33,67,0,0,0,0,0,0
150,送你一朵小红花,跑起来,救命，开头特别搞笑，后边好感人😭,5,2020-12-31 20:54:24,162,0,0,0,0,0,0
151,送你一朵小红花,橙,这是做过电影院满座的一次 期待2021年的易烊千玺 期待演员易烊千玺,5,2020-12-31 21:19:15,155,1,1,1,1,1,1
152,送你一朵小红花,渡了山河,某些人群似乎总带着滤镜，美剧、国产剧，标签一贴上似乎就已经注定了起点不同。跪久了三个字，贴切不过。我只知道我看到了人性中最柔软的那部分，从那个医院门口前无助的父亲的哭泣中，从韦一航对家人深深的一躬中，从一航父母的温柔与坚强中，从马小远和韦一航的相互救赎中。最后，你我皆是幸运者，且行，且珍惜。,5,2021-04-04 14:03:19,142,0,0,0,0,0,0
153,送你一朵小红花,阿苗i,失去女儿，在医院门口痛哭的父亲太戳泪点了😭,5,2020-12-31 20:29:33,1339,0,0,0,0,0,0
154,送你一朵小红花,隐姓埋名-cat,弟弟的演技越来越好了。最动容是爸妈拍了一天的生活那个视频和父亲在医院门口吃外卖那，眼泪绷不住了,4,2021-04-04 09:47:18,132,0,0,0,0,0,0
155,送你一朵小红花,雖晚,有被电影触动到。,5,2021-04-04 11:30:39,168,0,0,0,0,0,0
156,送你一朵小红花,豆瓣管理員,这么好的片子感觉评分低了些看到一些说套路啥的搞不懂这些人的想法看到了心酸 欢喜 积极也看到了无助健康真好珍惜身边人,5,2021-03-05 20:09:57,104,0,0,0,0,0,0
157,送你一朵小红花,废话连篇,看的首场，感叹亲情的力量。在病痛面前，人与人真的很难感同身受，生病的人和他们的亲属，就像是被放到了孤岛，互相搀扶寻找生机，想活着却又想放弃自己，这种挣扎太真实太好哭了。2021，希望大家都健健康康平平安安快快乐乐。希望我的爸爸妈妈身体健康，我好爱我的爸爸妈妈！,5,2020-12-31 20:45:49,149,0,0,0,0,0,0
158,送你一朵小红花,什么都是假的,韩延还差得远呢，演员们不错～,5,2021-04-04 12:42:30,147,1,1,1,1,1,1
159,送你一朵小红花,居无间,能将绝症题材拍得如此举重若轻。第一场看到全身发麻的戏，是马小远为韦一航在现实世界里打造出一个「远方世界」，比《滚蛋吧！肿瘤君》的幻想还棒，因为更贴地、所以更动人。两位主角像在孤海里拼命挣扎求生之人，他们想逃离、想奔向远方，最终发现，其实对方就是远方。影片高级之处是，它为绝症患者创造了个人世界，又希冀将其轻轻打碎，这是最温柔、最善意的励志。易烊千玺演得太好了，初恋的悸动、懵懂、喜悦，面对亲人的不忍、嗔怒，迎向新生的脆弱与顽强，都非常克制且到位，前途无量。,4,2020-12-31 21:54:18,88,0,0,0,0,0,0
160,送你一朵小红花,玲娜墩子,看完电影我爸给我打电话说在小区门口接我 到家了我妈叫我一起泡脚,5,2020-12-31 22:39:55,149,1,1,1,1,1,1
161,送你一朵小红花,落灰锦鲤,送你一朵小红花🌺,5,2020-12-31 20:45:30,141,1,1,0,1,1,1
162,送你一朵小红花,江湖猴子,纯粹喜欢剪辑，剪的真好啊，哭了。但是4弟弟台词真的听的我…难受。雨中那段告白还有一些台词真的太尬了。,4,2020-12-31 20:10:31,129,0,0,0,0,0,0
163,送你一朵小红花,燮燮,冲着四字弟弟去看的这部电影，白天买票的时候已经没有好位置了。需要说的是虽然是抗癌，但是电影一点儿都不悲情，我觉得很甜很幽默也挺治愈的，是一个温情的故事。所有演员演技在线，四字的台词和表演十分细腻，可以看出他在每个地方都用心揣摩过，相比《少年的你》可以明显感觉，他多了技巧，那段雨中表白的演技真的很绝，虽然经验不多，但是他很松弛，演技高光很多，祝你明年有提名吧。谋女郎比《一秒钟》中的表演进步多了，但是雨中表白那段没有接住四字的戏，但笑容甜啊，小黑脸洗干净了，真漂亮。适合跨年的电影，祝票房大卖吧，好电影值得被更多人看到。,5,2020-12-31 21:39:21,138,0,0,0,0,1,0
164,送你一朵小红花,豆友212709950,温暖跨年,5,2020-12-31 22:20:04,141,1,1,1,1,0,1
165,送你一朵小红花,南团,这种题材并不好拍，过于励志显得假，过于残酷走向丧。《小红花》对这两者间的度拿捏得挺到位，因为它呈现的就是看似互斥实则一体的肉身：没人愿意得病（过得艰辛），但又不会甘心被病魔（生活）轻易击倒。有了这种复杂性，那些看似突然、突兀的举止就变得真实且具有情感冲击力。比如母亲朱媛媛，抠门到五块钱都要计较，当她面对抱着孩子讨钱的妇女，突然情绪崩溃，最后却递出了一百；易烊千玺封上了自己的内心和情感，却在医院突然对插话的人发飙。这些“突变”都是复杂人性的产物，所谓乐观也有绷不住的时刻，绝境中仍有活下去的渴望。其实绝症（患者）在片中只是一个最极致化的象征，实际所指涉的群体要宽泛的多，它指向所有在生活不易的现状下依然与命运死磕，心向远方与海的人们。他们是影片中虚构的父母，也是片末一一出现在纪实画面中的芸芸众生。,4,2020-12-31 22:29:51,114,0,0,0,0,0,0
166,送你一朵小红花,胡汉三又回来了,面对无法改变的未来，我们该怎样做？是积极向上，还是消极堕落，期待小红花，玺帝怎么那么牛逼，他妈的太强了，白衬衣很帅，小光头绝美，剧情前面搞笑后面催泪，伤感又有点甜，又哭又笑，温情治愈，真不错(*๓´╰╯`๓)♡,5,2020-12-31 20:42:22,148,0,0,0,0,0,0
167,送你一朵小红花,婷,温暖感人的好电影，每个演员演得都好，易烊千玺真是一位优秀的青年演员，演技越来越自然，看着舒服，看着精彩，期待他更多好作品,5,2020-12-31 20:42:30,157,0,0,0,0,0,0
168,送你一朵小红花,黄不是是,虽然但是前座的女生全程举着手机抓拍真的很影响观影体验,4,2020-12-31 19:57:19,108,1,1,1,1,1,1
169,送你一朵小红花,傲娇小公主,今天看了《我的姐姐》我才想起来了姑姑就是本片妈妈,5,2021-04-04 03:10:41,139,1,1,1,1,1,1
170,送你一朵小红花,陌陌无闻,---谨以此片献给积极生活的我们,5,2021-04-03 23:49:09,119,0,1,0,0,0,0
171,送你一朵小红花,不想熬夜,刚开始以为就只是一部爱情片，稍稍有点失望。但是到中间直接哭崩，我所有的眼泪都贡献给了电影里面的爸爸妈妈，但哭着哭着偶尔又被逗笑，忍不住会想起爱我的爸妈，亲情永远是最戳我的点。电影说是在讲抗癌，但其实更多的是在告诉我们要积极乐观地面对生活吧，挺好的，因为2020真的很苦。最后还要说一下，易烊千玺很牛逼啊，少你里面惊艳到我的演技完全不是偶然，这部里面甚至又更上一层了。,5,2020-12-31 20:42:15,145,0,0,0,0,0,0
172,送你一朵小红花,Aerial,说觉得别人哭得稀里哗啦腔都不敢开的人，想也不会对电影有什么好评价，因为压根没有共情能力。特别喜欢里面的家庭戏，父母老人对孩子的爱，太羡慕了。一个看似一无所有的人其实非常富足，富足之后却还是一无所有。有被鼓舞到，易烊千玺真的很棒👍🏻,5,2021-01-17 00:13:56,136,0,0,0,0,0,0
173,送你一朵小红花,撷云,看完少年的你的确会怀疑易烊千玺的演技是否是偶然，看完这部小红花不得不承认他的演技是真的灵。,5,2020-12-31 20:55:02,117,1,1,1,1,1,1
174,送你一朵小红花,bestime,冲这个彩蛋，多加一颗星,5,2021-04-03 23:48:32,117,1,1,1,1,1,1
175,送你一朵小红花,白桃乌龙不加糖,笑中带泪，韦一航谈恋爱真的好苏！！！！,5,2020-12-31 22:19:45,139,1,1,1,1,1,1
176,送你一朵小红花,闻,说2020年最好的院线电影应该没毛病，毕竟也没上映几部,5,2020-12-31 20:45:38,133,1,1,1,1,1,1
177,送你一朵小红花,momo,强烈推荐！！！太好看啦，十八线小县城，我是经常会去那个商场挨着影院楼层的，重来没有见过那么多人，检票时队排了老长，我妈说过年去都没有见那么多人，厅里满满当当，最前排，角落都坐满了人，太热情了。电影好多笑点，是不是一阵笑，易烊千玺演技真的又进步好多，感觉他就是韦一航，在向你诉说属于他的故事，让人不由自主跟着他的视角走，该笑的时候笑，该哭的时候哭，太厉害了。在这个不太友好的2020快要离开之时，送自己一朵小红花，迎接崭新的2021吧！,5,2020-12-31 22:09:22,135,0,0,0,0,0,0
178,送你一朵小红花,迈迈远灯行,最動容的，是父母拍了“兒子不在後”的一天，來回答韋一航的問題。生活還要繼續，而活著依然值得。,4,2021-03-06 18:32:25,64,0,0,1,0,0,0
179,送你一朵小红花,？？？,人活着，活的就是个精气神！有笑有泪，温情动人！好看！,5,2020-12-31 22:19:54,136,1,1,1,1,1,1
180,送你一朵小红花,再磕一下就睡觉,易烊千玺最新电影《送你一朵小红花》从癌症患者出发，聚焦两个抗癌家庭群，展现两组生活轨迹，讲述了一个温情的现实故事。我想这朵小红花，会是永不凋零的花！送你一朵小红花，祝你来年多玺乐！,5,2021-01-17 00:09:36,137,0,0,0,1,0,0
181,送你一朵小红花,冯宝宝,一直不敢看，但是真的看了以后也没网上说的那么死去活来！很温馨，后劲很足！太强了！后悔没去电影院看！！！,5,2021-04-04 14:23:12,115,0,0,0,0,0,0
182,送你一朵小红花,yancy,看了真的希望弟弟也去谈恋爱吧。演的好好啊。吃醋的时候，紧张的似乎，窃喜的时候等等,5,2020-12-31 20:22:55,143,0,0,0,0,0,0
183,送你一朵小红花,别枝惊鹊,带够纸巾带够纸巾带够纸巾！！！以及小岳岳的角色是个LGBT这一点非常值得好评！,4,2020-12-31 20:07:28,122,0,0,0,0,0,0
184,送你一朵小红花,看家本领,新年愿望：找到马小远这样的女朋友呜呜呜,5,2020-12-31 20:25:43,126,1,1,0,1,1,1
185,送你一朵小红花,free最好的时光,"我想每个人都能在电影描绘的群像中找到自己，那些被生活软磨硬泡却又不得不硬着头皮向前的艰难时刻，何尝不曾蒙着被子大骂一声傻逼。活着，是认怂，更是一种勇气。
“平行时空”真是一个绝妙理论，对明天的期许又多了一些。",5,2021-01-17 00:13:59,131,0,0,0,0,0,0
186,送你一朵小红花,冻番茄,非常适合跨年档的电影，虽然讲的是绝症，但并不会过于沉重，前半段还有点搞笑和调皮，是一部非常温柔的电影，看完有一种被温暖的水包裹的感觉，很舒服。演员全员演技在线，重头戏都在千玺身上，但完全立住了，塑造了一个丰满立体的男孩，还看到了点喜剧天赋，演得很细腻自然，不得不说上学还是有用的。亲情的片段太动人了，爱情的片段都很甜。讲的是普通人的生活，剧情比较平缓，演员演技大于剧情，结尾处的小羊很治愈。恭喜千玺。,5,2020-12-31 20:45:28,133,0,0,0,0,0,0
187,送你一朵小红花,安。,新的一年，都可以积极向上吧！,5,2020-12-31 22:19:41,124,0,0,0,0,0,0
188,送你一朵小红花,shana,笑中带泪 爱情是甜的又是苦涩的 喜欢两个小年轻的态度,5,2020-12-31 20:42:14,127,0,0,0,0,0,0
189,送你一朵小红花,LISGO,有笑有泪，在今年最后一天得到了力量，新的一年要好好的,5,2020-12-31 20:42:15,137,0,0,0,0,0,0
190,送你一朵小红花,YY,终于又可以在大荧幕见到他，千玺加油，导演，编剧还有剪辑，加油？奥力给,5,2020-12-31 20:32:25,139,1,0,1,0,1,1
191,送你一朵小红花,XXXX,刚从影院哭着出来的我，想大声的说滚蛋吧2020！千玺对角色的理解和表达的很细腻，完全就是那一类人，带入感很强。,5,2020-12-31 20:42:34,132,0,0,0,0,0,0
192,送你一朵小红花,ZHOU-HMMM,全员演技在线😭,5,2021-04-04 14:36:35,110,1,1,1,1,1,1
193,送你一朵小红花,昵称待取,很温情很治愈！哭完之后感觉能量满满了，易烊千玺的第二部电影，比第一部表演上更成熟，很多细节都处理的非常好，对少年的期待都是值得的，看之前会抱有更高的期待，相信看完电影的都会忍不住想夸！真的很棒！值得二刷,5,2020-12-31 20:45:26,130,1,0,1,0,1,1
194,送你一朵小红花,Rebecca,易烊千玺真的好好看   刘浩存也还可以啊  可是为什么海报拍的那么丑   岳云鹏的爱人是个男的吗（我没太看清  只是看到了 因为化疗的光头 而且他俩合照衣服上有彩虹🌈）  不愧是韩延的作品   肿瘤君到小红花  两部都是精品   期待韩延生命三部曲的第三部  值得等待冲小岳岳的爱人是同 这一点多给一星,5,2020-12-31 19:55:31,2465,0,0,0,0,0,0
195,送你一朵小红花,巴伐利亞酒神,看到苍老的民工父亲流泪吃外卖那一幕，再也绷不住了。这绝不是什么煽情，这是整个2020年所有中国人扛过的难，承受的痛，和委屈的泪水。四字弟弟在朝四字哥哥的方向努力，但仍有很长的路要走。倒是刘浩存，第一次get到她的可爱，她的坚强，她的浪漫，和她的脆弱。和《少年的你》四字弟弟骑摩托带周冬雨兜风反了过来，这次轮到刘浩存骑摩托带四字弟弟兜风了，非常有意思。那句“大人才考虑傻不傻，小孩子只管好不好玩”点亮了全片，无论刘浩存和四字弟弟模拟海滩南极，还是四字弟弟父母拍摄生活视频，甚至包括夏雨客串的刘爹，都表达出孩童一般的纯真和想象力。如何面对一个这样残酷的世界？我想导演韩延已经在这部电影中给出了他的答案。,4,2020-12-31 22:38:01,44,0,0,0,0,0,0
196,送你一朵小红花,已确诊钕铜,这部电影的细节好多 好好品😭,5,2021-01-17 00:06:39,117,0,0,0,0,0,0
197,送你一朵小红花,李秀满,两个人台词都一般般  更觉得四字需要靠人带戏了  少你真比这好,3,2020-12-31 20:03:48,16285,0,0,0,0,0,0
198,送你一朵小红花,Aurora,有点失望 剧情真没啥亮点 看到旁边哭的稀里哗啦我腔都不敢开,3,2020-12-31 19:57:30,15809,0,0,0,0,0,0
199,送你一朵小红花,拥桑,"哪里都没问题，但是哪里都是问题的电影。一部平平平起平平，毫无波澜的电影，食之无味，弃之可惜。所有好的都在预告片里了。跟《风平浪静》一样，演员表演上乘，但是剧本配不上他们。前半段的无厘头非常的无聊，流水账一样的抗癌生活虽说真实但是还是无聊甚至很蠢，一切为了做而编。抗癌题材电影拍成了日常vlog。易烊千玺把一个孤僻的问题青年演的特别好，最深刻的是那段含着笑泪在摄像机面前说:""癌症患者应该积极阳光，乐观向上……"" 韦一航的妈妈可以为了五块钱停车费软磨硬泡，又在车上骂那对乞讨的母子，:""你孩子有病吗？有手有脚为什么不找个活？""口中破口大骂又抽出了100块钱塞给她，心里突然酸了一阵。好在没有刻意煽情，点点星光散大大魅力。也没有消费癌症，糟心事过去了，2021送自己一朵小红花吧。",3,2020-12-31 19:59:52,5606,0,0,0,0,0,0
200,送你一朵小红花,西楼尘,有人变成除了失去他都不会害怕的母亲，有人变成不吃红烧牛肉饭也能饱腹的父亲，有人变成把组织病友群当成救赎的恋人。明白这世界最缺的就是魔法，依然相信，有你就可以走遍科罗拉多和喜马拉雅，遍地的牛羊都是奖给我的红花。饮下这不共戴天的冰水，敬你那义无反顾的烈酒，命运操蛋，却因为你值得珍惜。,3,2021-01-01 12:19:02,199,0,0,0,0,0,1
201,送你一朵小红花,亵渎电影,基本上就是中国版《星运里的错》，把戏改到了男孩的身上，展开他的父母和身边的人，情感处理的流畅自然，人物最后的改变很完整，该打的点也都有，演员全体在线，没有任何会让人觉得尬的地方，是一部完成度很工整的行活。,3,2020-12-31 22:27:39,201,0,0,1,0,0,0
202,送你一朵小红花,Radiohead,题材有先天优势，和前作肿瘤君比起来还是不行。 易烊千玺雨中表白那一段真的好差。 ,3,2021-01-25 09:58:20,186,0,1,0,0,0,0
203,送你一朵小红花,沙丁鱼,三星半，其实完成度挺高的，不过两个人设实在没什么特别之处，易烊千玺的角色重合性太高了,3,2020-12-31 20:15:01,153,0,0,0,0,0,0
204,送你一朵小红花,amia蛋卷音,很刻意，略失望，咋说呢,3,2020-12-31 20:39:11,165,0,0,0,0,0,0
205,送你一朵小红花,欢乐分裂,2020最后一部片，总体是失望的——过于设计的煽情段落拼贴，过于沉溺情绪的混乱剪辑，过于拖沓的抒情结尾，过于刻意求励志的直白点题。这么好的题材被拍成这样非常遗憾，可能导演只想在艰难的年尾给大家一点光亮（然而即使有相似经历的家人，依然无法共情）。四字表现的确瞩目，但好电影是各方面成就的，不能只指望题材和演员。骑摩托一段太像《最好的时光》啦！,3,2020-12-31 22:17:17,160,0,0,0,0,0,0
206,送你一朵小红花,我不是我没有,披着抗癌的皮讲爱情 刘浩存别跟周冬雨比了 跟周冬雨差远了,3,2020-12-31 21:24:58,120,1,1,1,1,1,1
207,送你一朵小红花,frplatte,看出来导演想让观众共情 但是套路过多节奏很烂真的挺无聊,3,2021-01-20 19:00:12,118,0,0,0,0,0,0
208,送你一朵小红花,卡比受不了,今夜跨年夜他约她去看电影她在开播前两小时放了他的鸽子你也许想错了我不是他也不是她我是她的背锅侠来陪……他?这就是两个大老爷们在情侣环伺的影院看四字弟弟的原因嘈杂的荧屏和欢乐的人群我只觉得他们吵闹,3,2020-12-31 19:58:41,86,0,0,0,0,0,0
209,送你一朵小红花,哪吒男,哭的特别爽，泪点被按着使劲儿戳，戳到后面都快麻木了，扣你一朵小红花。,3,2021-01-01 18:40:43,45,0,0,0,0,0,0
210,送你一朵小红花,成知默,一个癌症病人的人生是怎样的呢？当然不尽然是漫长痛苦的治疗，不尽然是每时每刻与死亡的贴身肉搏，不尽然是悲情与哭喊；它当然可以是治疗后与常人无异的一张脸，是活在可能复发阴影里的小心翼翼，是对未来还有着自己的期盼。导演的抗癌人生选择了第二条路未尝不可，两个家庭因为癌症被改变，但最终却沦为了抗癌题材包裹下的青春爱情片，张绍刚骗子大师和散伙饭高喊口号尤其尴尬异常，正常病友群也不这样啊。高浓度的勾兑鸡汤，人生实苦实难，但我无法被这种虚妄的虚假的糖抚慰。,3,2021-01-01 08:41:22,56,0,0,0,0,0,0
211,送你一朵小红花,遮住脸就是帅逼,太散，太假，太刻意，很多地方情绪铺太满了，其实静下来更能塑造氛围。,3,2020-12-31 21:49:35,101,0,0,0,0,0,0
212,送你一朵小红花,艾迪芬奇,剧本很一般,3,2020-12-31 20:39:56,88,0,0,0,0,0,0
213,送你一朵小红花,星野,节奏拖沓，剧情乏味，得亏配角们的演技，粉丝一直屏摄，观影体验极差。,3,2020-12-31 20:59:21,76,0,0,0,0,0,0
214,送你一朵小红花,ななせまる,其实挺普通的，如果是日本电影我会三倍速观看的那种。。,3,2020-12-31 22:35:01,75,0,0,0,0,0,0
215,送你一朵小红花,Twinkle,1.我为什么不好好在家呆着，无比希望自己能坐在电视前看B站的跨年晚会； 2.电影院左边大姐不是在录屏就是在拍照，剩下时间大多都在看手机，我：？ 3.右边大姐开场半个多小时才来，一落座，“好帅啊”，我：？ 4.刘浩存的声音我从一秒钟里一直出戏到这里；5.一眼看出来是在青岛拍的，当时就住在旁边的民宿里，每天都路过那家医院去坐公交；6.影片故意煽情又臭又长，豆瓣开分8分是用脚评的吗，六分不能更多了！抗癌的我才7.7啊兄弟们！,3,2020-12-31 22:29:49,74,0,0,0,0,0,0
216,送你一朵小红花,我情绪零碎KAI,这不是最佳的韩延，尤其在《动物世界》已经展示了作为导演杰出的掌控力和飞升的想象力后，这一次的落地确实显得普通地泯然众人。用患病的壳托爱情的底，《肿瘤君》玩过的桥段如果反复用来创作实无三部曲必要。不过以上都不妨碍这是极佳的表演。如果带着寻找类似《少年的你》名场面的动机去看易烊千玺的表演，大概率会失望，但这恰恰是他又精进的最佳印证。在对手演员的重场戏里，易烊千玺非常清楚且精准地控制自己的肢体和面部表情，比如在面对父亲送药时情绪失控泪流满面时，易烊千玺的选择是克制收敛，在最需要释放的时候一声“爸”戛然而止却余韵悠长。而高亚麟和朱媛媛作为配角也交出了极佳的演绎，一个精打细算到了斤斤计较的母亲在发现儿子试药换钱的饭桌上是一字不发，可脸上藏不住的焦虑担忧、生气难过、心疼怜爱却给出了所有需要的内容。,3,2020-12-31 22:17:52,109,0,0,0,0,0,0
217,送你一朵小红花,连城易脆,在三星和四星纠结。由于这部电影前期捂得很严实，所以我个人也没有什么预期，但是这种略带饥饿营销式地手法的确使得首日的票房形成一种爆发式的效应。实际看下来，感觉质感还可以，尤其本身是医疗行业从业者，会有更多的感触，只是正因为觉得还可以反而又觉得比较失望，失望在这部电影的商业性还是太强了，有太多的桥段是一种精心的算计，因此路人确实会比较吃这部电影，但是在我眼里，则某种程度上是披着抗癌皮的爱情片，当然易烊千玺和刘浩存的CP感的确很足。但是这种商业性元素会明显稀释电影的现实主义力度，电影的力量感也就变得不那么强了，这对我来说还是有些遗憾，过于迎合市场和观众了。当然对于片方来说，这样的口碑以及票房估计已经非常满意了吧？,3,2021-01-01 17:27:42,47,0,0,0,0,0,0
218,送你一朵小红花,玄铁营扫地工,一个标准的烂片…感觉就是导演想说点什么，但是其实什么都没说…多给一星给四字弟弟吧,3,2020-12-31 21:04:17,72,0,0,0,0,0,0
219,送你一朵小红花,Peter Cat,爱情段落很好呀，然而，前两幕的强纯爱类型到第三幕笔锋一转，要往绝望中的每个人去拔高——好端端一个《在世界中心呼唤爱》，硬是想往《药神》的全社会高度去靠，结果第三幕就像是片尾滚动字幕加塞的小视频一样，点题是点了，但假大空，关键是最考验两个人爱情和表演的情感高点，就如此莫名其妙划水了。还请商业电影尊重类型规律，尊重电影人，该推字幕推字幕，那点不纯粹的剧本和营销心机，转换泪水和票房绝对没有癌症分开两个爱人来得多。,3,2021-01-01 23:45:41,40,0,0,0,0,0,0
220,送你一朵小红花,Yukiiiii,一言难尽,3,2021-01-01 02:45:17,59,1,1,1,0,1,1
221,送你一朵小红花,一水柔蓝,温情吗,3,2020-12-31 20:00:27,56,1,0,1,1,1,1
222,送你一朵小红花,K漏路局和恭C,这不就是披着抗癌包装的言情剧吗？救命这爱情线也太烂了！能不能少一点感情线啊，我觉得家庭线那段还不错的结果就又绕了回来，那几句什么你就永远是我的人了不带粉丝滤镜听实在是太尴尬了,3,2020-12-31 20:07:00,64,0,0,0,0,0,0
223,送你一朵小红花,元気だleslie,感动只是因为代入了那种心酸。然而剧情真的很假很尴很刻意，尤其前半段。不过，那段想象探险还是挺可的，外人眼里的精神病人，自己眼里的浪漫至死。,3,2021-01-24 19:27:14,72,0,0,0,0,0,0
224,送你一朵小红花,她,剧情薄弱，几乎无，没有悲伤有亲情感动点，跨年看下还行，三星半吧,3,2020-12-31 22:20:00,83,0,0,0,0,0,0
225,送你一朵小红花,寒枝雀静,2.5 / 依然有韩延有趣的地方但还是挺失望的。从中段开始就基本放弃构建情境直接开启《演员请就位》短片拼接大电影模式。如此理所当然地把爱情线硬生生叠加在抗癌线上，然后预定了必然的人物交互与情节走向，抹除前1/3敏锐的矛盾冲突。“癌症患者”的身份标签一贴上，“命运”“疾病”之类无可抗拒、懂的都懂的“生活”哲学粗暴地调用起来，生产“正常”与“不正常”的陡峭系统就悄然抹平无需继续深入了，“动物园”也自然走向遍布“合群”的羊的辽阔大草原了。但哪怕崩得难以忍受，易烊千玺依然那么好，怎么能在中后段剪得那么糟糕情节拼凑感那么严重的情况下，依然在各个段落里那么耀眼……,3,2020-12-31 21:21:01,86,0,0,0,0,0,0
226,送你一朵小红花,二十一,啊...没拍出抗癌人士的悲伤苦痛...跟我不是药神差得太远...三分 一分给千玺和浩存的演技 一分给爸爸   一分给妈妈,3,2020-12-31 20:02:43,70,0,0,0,0,0,0
227,送你一朵小红花,软,感觉一般吧 后半段为了催泪而催泪了 虽然我完全无泪点 ,3,2021-01-01 02:45:17,50,0,0,0,0,0,0
228,送你一朵小红花,老袁,《星运里的错》有《我和厄尔以及将死的女孩》虽然都有癌症题材，但内核和主题完全是不同的。星运就是一个青春爱情片，辅以成长。厄尔是青春成长主题的，所以里面没有爱情。但小红花这个集大成之作又要男主的个人成长又要青春爱情，最后可能嫉妒药神好卖，又弄了点癌症病人的群像。总而言之就是什么都有，什么都没有弄到极致。ps：易烊千玺演得不错！,3,2021-01-02 22:15:24,40,0,0,0,0,0,0
229,送你一朵小红花,46470,1.电影镜头表现力不够2.主旨全靠台词3.选角不行三颗星不能太多了…被预告片骗了,3,2020-12-31 21:29:04,60,0,0,0,0,0,0
230,送你一朵小红花,小瓜,期待过高，有点失望。,3,2020-12-31 21:49:43,64,0,0,0,0,0,0
231,送你一朵小红花,薛西弗斯,再多的闪光细节也不能掩饰它的确是一个平庸的故事故事的长线是一个被人拯救和自我拯救的过程想到了十年前的夏至未至“那个男孩教会我成长那个女孩教会我爱”哈哈哈 就 很老套 开场二十分钟就能想到 这男的会变好 这女的会出事 仔细想想 这桥段 真的不行 其他大概体会还有 用力过猛 念白做作 骑摩托剃头之少年的你2.0当然它是有闪光点的 癌症 亲情 LGBT 实在是太容易引起共情 想到了我在学校摔伤时我妈来接我偷偷抹眼泪 想到我短暂结束生命的高中同学 父母演得真的很到位 年轻人真的还要继续努力 再说一个 我真的不喜欢气泡音,3,2020-12-31 20:29:46,61,0,0,0,0,0,0
232,送你一朵小红花,赫青,如果不是高亚麟和那个父亲，这部电影最多两颗星。128分钟的电影无聊到爆，几个笑点哭点完全没办法让人代入，基本就是往你眼睛里滴过期的眼药水→_→。两个月进了两次电影院，女主都是刘浩存，名气越来越高，演技倒是越来越差了。,3,2020-12-31 21:09:52,60,0,0,0,0,0,0
233,送你一朵小红花,鸟先生,太多极力想要观众共情的情节设计，真的很着急啊，深怕观众看不懂。还是观众真的就需要这么强烈的悲情共情？在我看来，那些美好的设计，纯粹就是假象。现实终归是现实，这样的抗癌电影，无法给人力量。,3,2021-03-07 03:56:56,36,0,0,0,0,0,0
234,送你一朵小红花,莫比乌斯,具备了大陆商业电影习惯存在的“媚俗”。原以为韩廷会以“剧本完好”的形式去呈现小红花，没想到剧本成了最糟心的点，形容一下便是开端不错，中间陷入死胡同，一去不复返。累赘时长，表达懒惰，初中生作文，电视剧化甚至比电视剧还“不清”可以说，连编剧基本的连接都没有完成。编剧与导演角度思考小红花可以说就是一星水准。但说真的，电影三素，表演是内功心法，夏雨，易烊千玺和刘浩存都很不错，尤其是刘浩存。也很难想象，如果失去了表演，小红花会成为多么愚蠢的电影。以及LGBTQ平民化(岳云鹏）这点子挺不错的。,3,2021-01-01 22:13:00,28,0,0,0,0,0,0
235,送你一朵小红花,盘子,有佳段无佳篇，散文朗诵太多了。,3,2021-01-02 14:27:05,26,0,0,0,0,0,0
236,送你一朵小红花,圆脸胖胖,节奏太慢了。。。男主女主演技真的比不上一帮老戏骨，一到他们两我就出戏。同样是绝症相关的，比不上药神和肿瘤君。男女主突然就喜欢上了，我都没反应过来，正在反应呢，女主突然就不舒服了，突然就过世了，我真的黑人问号脸。。。其他人的戏份很精彩，到了男女主就是突兀和尴尬。这么比喻吧，其他人的戏份调个色就是《我不是药神》，男女主的戏份就是二十年前的讲绝症的日剧韩剧，还没有二十年前的戏精彩，其他人和男女主完全是画风不同的两部电影😂被四字粉丝追着骂了，还给我扣三字的粉籍，我就很好奇，天下的脑残粉都一样脑残吗？,3,2020-12-31 22:14:24,59,0,0,0,0,0,0
237,送你一朵小红花,ポエジー,台词真的太太太尬了，就算是想要演出颓废的感觉也不用说话跟喉咙里含着口痰似的……但是还是哭了，为了里面亲情的点吧，因为从未得到过这样的爱。小吴的爱人是同性这倒是我没想到的，可惜最后连脸都不配出现，不过我还能要求什么呢？,3,2020-12-31 22:19:38,45,0,0,0,0,0,0
238,送你一朵小红花,KILLAZ94,披着抗癌皮的爱情片，既不是很浪漫也不是很写实，拍得很平淡。影片到女主去世为止就可以了，最后的二十分钟有些多余。两位年轻主角的演技还是很稚嫩，四字含着糖捏着气泡音般的台词听得很难受，小谋女郎的表演缺少变化和层次，两位一点也不像癌症病人，即使术后很多年了，看起来还是红光满面还蹦蹦跳跳的，感觉和正常人无异，看看张震在《缉魂》中的表现，那才是癌症病人真正的样子，惊喜的是岳云鹏的表现还可以，没出戏。有几场戏我落泪了，不过基本都是四字和父母的对手戏，没有老演员的演技托着，这戏根本看不成。总之片子很平庸，比同题材的《再见吧，少年》强点，没什么亮点也没什么深刻的东西，爱情戏也比较无聊，表现癌症部分的戏挺悬浮的，没经历过亲人患癌的人根本体会不到癌症病人及亲属所承受的痛苦，不是说几句鸡汤就能战胜的。,3,2021-03-20 04:01:06,36,0,0,0,0,0,0
239,送你一朵小红花,七月,强制煽情，泪点全在亲情。两星给颜，一星给妈妈。,3,2020-12-31 20:34:07,53,0,1,0,0,0,0
240,送你一朵小红花,王俊俊,马小远在火车上晕倒，是这部电影的分水岭。前半部分详实，自然，有趣，有感悟，虽然没有新意，但贵在真实。甚至有一种想和马小远谈恋爱的感觉。后半部分是一波一波的悲情片段缝合而成，从情感来说是高潮戏，但从创作角度来说，立刻就落入了常规俗套，甚至品出三分刻意。尤其是对看过多部同桥段的人来说，难免会有千篇一律的乏味感。7.5分,3,2020-12-31 20:17:17,35,0,0,0,0,0,0
241,送你一朵小红花,小寒要等等,就还行吧。,3,2020-12-31 19:52:51,47,0,0,0,0,0,0
242,送你一朵小红花,徐棕榈,转折生硬 刻意高潮 勉强及格,3,2020-12-31 20:34:16,57,0,0,0,0,0,0
243,送你一朵小红花,神游在初见午后,整个剧本挺一般的，主角演技也没留下什么大印象。医院门口的那个小女孩的父亲吃红烧牛肉饭的戏全片最佳,3,2021-04-04 15:01:46,80,0,0,0,0,0,0
244,送你一朵小红花,天堂挽歌,一开始看片名以为是肿瘤滚蛋那种抗癌片，然后觉得是小清新爱情片，然后反复横跳，落到张弛无度、剧情俗套的流水线二等品的品质了。,3,2021-01-28 18:15:12,42,0,0,0,0,0,0
245,送你一朵小红花,蘇昱Nuyoah,每个人的痛苦都难以令他人想象，2020年没有人是容易的。结尾出现的那一个个平凡生活中的人共同反应出了这个苦难的庚子年。本来这个一个关于癌症的很好的题材，却大篇幅来讲韦一航与马小远之间的爱情，相遇的莫名其妙，感情的发展也莫名其妙，剃头隧道骑行的一幕幕总使我想起《少年的你》，太出戏了。送你一朵小红花，愿来年的美好都与你环环相扣。7.2/10。,3,2020-12-31 20:29:44,48,0,0,0,0,0,0
246,送你一朵小红花,OmniOo,更喜欢朱媛媛和夏东海的戏 更多的挣扎和无奈 俩小孩的戏没啥深度啊 四字演的不错 浩存一般… ,3,2021-03-07 19:53:01,35,0,0,0,0,0,0
247,送你一朵小红花,不许骂帅哥,首先这个分型就离谱。说说观影感受，两个青年演员挑大梁结果被大梁压死的程度....易烊千玺台词差，气音是jyp教出来的吗？咬字一直在吃字，好多句台词我都没听清楚他在讲啥。如果易烊千玺刚好及格的话，刘浩存就只能有50分。演技、台词以及情感没有哪一项到位了，除了一张小白花脸。几位老演员确实牛批，唯一哭的片段就是高亚麟给易烊千玺送药道歉那里，真实地想到自己爸爸妈妈了。当然，只给三🌟，演员有问题，剧本和导演更有问题。这两位都不是调教不出来的演员，但都没发挥出来。剧本太太太平了就...........,3,2021-01-01 01:04:43,46,0,0,1,0,0,0
248,送你一朵小红花,kou,如果把最后幻想的部分删掉会更好吧,3,2021-03-06 15:35:27,29,0,0,0,0,0,0
249,送你一朵小红花,飞侠式拼搏,3.5/5.0，优于《滚蛋吧！肿瘤君》。亲情+爱情双线并进，前面是主导轻松，后面则多次令人动容。送你一朵小红花，生活再难，也要积极向上活着。PS：ID有多远滚多远，新浪微博成最大赢家！,3,2020-12-31 22:24:46,34,0,0,0,0,0,0
250,送你一朵小红花,向阳南木,就，韩延的一般水平，甚至还不如他上部同样抗癌题材的电影《滚蛋吧，肿瘤君》给人的惊喜多，半笑半泪就是不真实，128分钟看得人倒是挺累的，而且他把易烊千玺拍的好丑，《一秒钟》里灵气的刘浩存，到这部瞬间普通到不像个女主。果然不同导演的调教会出现完全不同的结果。以及好几个片段拍得像旅拍广告宣传片，是怎么回事！应该剪掉拿到电视上去播，而不是放在大荧幕浪费时间。同样演垂死病人，今年还有一部电影《再见吧，少年》，里面荣梓杉演得就不错，还有饰演妈妈的刘敏涛也非常好，可惜无人问津。这样的制作班底其实总体是失望的，唯一有看点的地方，就那段假装环球旅行，那才是少男少女该有的幻想啊。7,3,2020-12-31 21:00:31,31,0,0,0,0,0,0
251,送你一朵小红花,基瑞尔,韩延拍多一部片，抱紧多一个流量，就越发珍惜白姐和《肿瘤君》的好。如若只是专注于韦一航和马小远的“绝症爱情”线，至少也看到了华语电影对于《星运里的错》、《正常人》、《一切的一切》…等一干近年来大势绝症主题YA影视的回应，总归是新鲜的。但大概担心纯爱情戏不够捕捉更大的受众或者影响粉丝共情，额外塞下了社会关注、代际沟通等种种足以作茧自缚的探讨，让整部电影负担过重也缺乏更为深处的情感。除了刘浩存，从主演到助演都是没有问题的，但求求所有人不要给四字营造种“出手皆精品”“全是路人缘”的人设了，年轻允许失败，而每个好演员的必修课也必定包括失败。,3,2021-01-02 17:02:27,20,0,0,0,0,0,0
252,送你一朵小红花,围观豆瓣憨憨们,一晚上票房就三个多亿。。。满座。。。四个字的粉丝确实给力。。。隔壁华仔打了快十天才六个亿。。。还好小四各种下三滥操作十天也才三个亿，庆幸脑残的不是大部分。。。,3,2021-01-01 02:40:18,34,0,0,0,0,0,0
253,送你一朵小红花,是灼灼,父母的部分看得我哭了，但煽情也不妨碍这是一部整体比较平庸的片子，爱情过于悬浮经常让我觉得尴尬。三星给父母拍的小视频，“不论发生什么，都要认真过好生活的每一分钟。”,3,2021-01-11 16:59:42,25,0,0,0,0,0,0
254,送你一朵小红花,kimiyue,关于两个小年轻的爱情描绘让人提不起兴趣，三星给配角故事以及父母与孩子的故事,3,2021-04-20 09:06:29,31,0,0,0,0,0,0
255,送你一朵小红花,陈哈,突然想起来，这些年整体国产影片“气质”相似，不是说题材，而是那种产品感。投资团队都做过详细的市场调查，比如此片，绝症，青春，远方，父母情，加流量担当，大家想看的元素全框进来了，精准投放泪点。这就是这些年国产电影的气质：精准生产产品。你都不好意思说他不好，因为指标摆在那：群众喜欢。 群众喜欢那还不是好电影吗，这不是找骂吗。 我想说的是，好产品和好电影还是有区别的，电影是个艺术门类。这些年市面上受欢迎的都是好产品，但我不觉得在电影上算好的作品，用姜文的话说这些都是葡萄汁。鲜见高品质红酒。,3,2021-03-06 11:39:57,22,0,0,0,0,0,0
256,送你一朵小红花,小若同志,最好的情节应该是饭桌上爆发父子冲突的那段。男女主角的感情产生的太突然了，总感觉有些不真实。,3,2021-03-12 22:41:28,34,0,0,0,0,0,0
257,送你一朵小红花,裸奔刺猬,四字电影三件套 剃头 下雨 卫衣连帽,3,2022-06-20 19:46:48,21,0,0,0,0,0,0
258,送你一朵小红花,HarperDie,三星半。对于韩延来讲，影片拍得过于工整了些，《动物世界》迈得步子一下子撤了回来，情节编排上也是行活多过拓新。但影片同样有着相当出色的段落，陶慧和韦江拍给韦一航的那段视频，以及片末远离油腻的平行时空畅想，那是一种尝遍人间烟火才能存下的记忆。在这糟糕年景的最后一天，能够体验一番初恋的悸动，倒也不必斤斤计较那些条条框框。易烊千玺和刘浩存的细微举止，莽撞又可爱。尤其在朱媛媛这样非常好的演员对照下，两人的表现显得更为难能可贵。他们真的会是一个时代的代表人物吧，或许这就是所谓的天注定。,3,2020-12-31 22:58:32,26,0,0,0,0,0,0
259,送你一朵小红花,jacky,啥玩意，不知道易烊千玺这样做作的表情是和谁学的，3分给除易烊千玺外的所有演员,3,2021-01-01 12:32:36,0,0,0,0,0,0,0
260,送你一朵小红花,Resonance,演员演的挺好。,3,2020-12-31 20:31:55,0,0,0,0,0,0,0
261,送你一朵小红花,撞针,岳云鹏的对象是男的,3,2020-12-31 20:25:03,29,0,0,0,0,0,0
262,送你一朵小红花,洗完喝杯冰缪可,老戏骨演的都很好 一家人卖房筹钱那段 以及医院门口失去女儿的父亲的表演都是无声胜有声反观四字和女主。。仿佛在另一个时空拍偶像剧 台词生硬尴尬到差点没把我送走 剧情都是脚指头都能猜到的最后半段可以删了 是 特仑苏+探路者广告吗？？？,3,2021-01-01 02:40:09,21,0,0,0,0,0,0
263,送你一朵小红花,朝阳区妻夫木聪,前半段要好于后半段，在呈现自然生活的细节方面，韩延已经可以做到不露声色了，这也让片中的那些煽情段落显得自然且击中人心，但是到了后面剧情的发展并没有跳脱预期，也仍然免不了有些刻意美化和上价值。整体的话的确是一部清新流畅且观感极佳的作品，试图展现出现实主义题材更广阔的一面，包括在探讨病痛与生死的问题背后，进一步回归到生活本身，所有演员的表现都相当不错，易烊千玺和刘浩存一个收一个放，搭配巧妙，青春期的懵懂恋情展现的生动灵巧，而几位配角的表现更是赋予了整个故事更高的可信度，另外岳云鹏那条线真的很勇敢，很棒。要说还有什么不满意的地方，可能还是觉得整体有点过于理想化浪漫化了吧，能感觉到导演试图想要挖掘一点阳光背后的那一点阴影，但最终还是不得不化于鸡汤中。私以为，苦难就是苦难，永远不是恩赐。,3,2020-12-31 20:56:18,32,0,0,0,0,0,0
264,送你一朵小红花,三桂,很喜欢弟弟，但泪点是高亚麟老师,3,2021-01-21 01:00:42,31,0,0,0,0,0,0
265,送你一朵小红花,汤米,就别三部曲了吧,3,2020-12-31 21:15:01,20,1,1,1,1,0,1
266,送你一朵小红花,壳壳。给爷笑个,就…其实很一般,3,2021-01-01 11:58:09,24,0,0,0,0,0,0
267,送你一朵小红花,Glohay Do,刚想走进去人物内心，但却发现并没有感同身受，演员整体还在线，但剧本以及导演思想出了问题，该讲的没讲清楚，不该讲的拼命煽情，与《我不是药神》不同，药神是以小见大，而小红花则是以家庭为切入点，穿插几个大叔、老太太僵硬的说教上升为社会问题，未免暴露出本身的低级…,3,2020-12-31 22:45:02,22,0,0,0,0,0,0
268,送你一朵小红花,Mumu,难道我们只能靠怜悯“普通人”的苦难来感激自己的生活？谁给了你们权利把心灵鸡汤“献给”同样在挣扎的别人？这是令我不适的输出。优点可能是没有肿瘤君那么无节制煽情，然而硬币的另一面，比起抗癌题材，更像是“非不良少年的你”被爱情治愈的故事，癌症元素及人物太过功能性。看得出中二探险cos是冲着“名场面”去的，却拍成了令人出戏的户外装备广告（家里不是没什么闲钱吗……），其实颅内幻想vs现实的简陋就好了，越精致越虚假；结尾的独白点出平行世界就够生怕观众玩儿手机了，还要像中学生作文一样把每个“普通人”的平行轨迹描述一遍太画蛇添足了。ps四字越来越像王斑了；女主是不是因为民族舞出身，习惯于展示性的笑容……,3,2021-01-02 08:50:00,14,0,0,0,0,0,0
269,送你一朵小红花,渡渡,tcl！太悬浮了 煎熬,3,2020-12-31 21:03:53,26,0,0,0,1,0,0
270,送你一朵小红花,satellite,原谅我还是有带有色眼镜看，进步是有，但是亮点或者没卡到我的那个点。,3,2020-12-31 22:39:21,0,0,0,0,0,0,0
271,送你一朵小红花,柠檬特,emmmm 煽情得刻意了 一般般 ,3,2020-12-31 21:09:52,27,0,0,0,0,0,1
272,送你一朵小红花,大D少女钟阿kie,21年的第一部电影 周围坐满了易洋千玺的粉丝 朋友在我的旁边嘤嘤哭泣 我却像个冷血怪物一样甚感无聊 一定是我有问题 ,3,2021-01-01 00:49:54,19,0,0,0,0,0,0
273,送你一朵小红花,TAAGO,椅子挺软的，爆米花挺好吃的。。演技还行，故事太拉垮了（愿为晓昧的爱人加半星,3,2020-12-31 22:09:44,24,0,0,0,0,0,0
274,送你一朵小红花,张咏轩Wayne®,可能是2020最后一丧，还是韩延的聚焦视角，癌症患者的苦痛与挣扎，除关注了易烊千玺饰演的韦一航外，整个病友群体的群像写照，以及家庭的困顿和坚持，前半段轻松治愈，后半段沉重煽情，多现实的描绘，多情感的焦灼，易烊千玺依旧贡献了超龄的演绎，把青春叛逆又心事重压的癌症青年表演的鲜活生动，病友韦一航与马小远的相互扶持和鼓励，情感的延伸脉络，克制又深入，却又时刻能感受着癌症病患里的阳光普照，这个世界里正经受着痛苦和无常，另一个平行时空的你们也在享受着美好和静谧。另外，个人是《少年的你》小北的粉丝，这回的角色稍见拿腔拿调，口音嚼字神似张一山，导演煽情滥用，这是不足之处。★★★,3,2020-12-31 20:07:00,33,0,0,0,0,0,0
275,送你一朵小红花,lesyeuxdekid,一个典型的什么都想讲到又什么都讲不明白的故事。,3,2021-01-01 02:44:06,17,0,0,0,0,0,0
276,送你一朵小红花,帕拉,剧作很流畅，完成度也可以。但是抗癌与中国人的苦难一起讲，还要讲出正能量，就有些摇摆不定了。[B-],3,2021-01-05 23:43:03,10,0,0,0,0,0,0
277,送你一朵小红花,起名字太麻烦,看完后就一个想法：就这？？,3,2021-01-02 11:38:03,0,0,0,0,0,0,0
278,送你一朵小红花,但落落,印着温情的标签 看着两个新生代谈恋爱也是很甜 另外 女主的脑袋真的好圆,3,2020-12-31 20:00:57,19,0,0,0,0,0,0
279,送你一朵小红花,周沐君,故事主线跟《新不了情》差不多，但是剧本打磨差太多了。男主和女主在一起根本不来电，甚至有点尬。反倒是和父母在一起的段落显得自然一些。听说找千玺的剧本不少，不知道他为啥挑了这个。大概是想证明一下自己也能演残疾人、精神病？演得也还行吧。,3,2021-01-02 16:46:33,14,0,0,0,0,0,0
280,送你一朵小红花,搜索贾真,你看哭了？那就对了，除了渲染好哭的氛围，这片子几乎一无是处,3,2021-02-04 08:02:10,27,0,0,0,0,0,0
281,送你一朵小红花,搓鹅前辈,前三十分钟我真的尴尬得要死。。。好像就是讲故事的人也不知道该怎么自然合理地让两个男女认识并且有好感。亮点是那一段“周游世界”，我当时想我要也有这么一个小女朋友多好～,3,2021-02-03 02:24:31,18,0,0,0,0,0,0
282,送你一朵小红花,小斑马,平平无奇吧，易烊千玺营销最多的雨戏片段台词真的挺尬的。,3,2021-06-17 07:52:56,37,0,0,1,0,0,0
283,送你一朵小红花,思路乐,【C】从某种程度上来看影片依旧是“成功的”，某些价值观的表达确实能唬到一定观众，连我都能唬到。前半段那些透着浮夸风的情节都不算什么，直到中段，从马小远用“街头实例”比惨开始，电影就已经输得彻彻底底。那些经过浓缩加工过后的人间悲苦只能令我反胃，而将其拿来比较更是触及到了底线，用最贱的方式将说教行为正当化。真要品味人世间百般滋味，我还不如去看《谭谈交通》。,3,2021-01-01 17:05:11,14,0,0,0,0,0,0
284,送你一朵小红花,思绪浓汤,一般吧，虽说哭也是看哭了几次。感觉有点像我不是药神，但是水平没药神高。比想象中的要不那么好，有不少刻意煽情的戏码，而且感觉影片也比较表面，不够深层，那个奶奶等被拐卖的孙子和聋哑人送外卖的两个比惨的例子真的太假了，完全起不了共鸣，哭不出来。还有夏东海删易烊千玺耳光后来送药时。解送药袋子的那段也浮夸太好笑了😂,3,2020-12-31 22:34:55,23,0,0,0,0,0,0
285,送你一朵小红花,梦游的鱼,不予置评........,3,2021-01-01 12:20:55,16,1,1,1,0,1,1
286,送你一朵小红花,空山,太长了，没想到是2小时8分钟。马小远晕倒之后，节奏和情绪全部散掉。平行时空收在铁轨和隧道可能都是更好的选择。很怀疑易烊千玺高压紧张、被寄予厚望的十几年，与“你的身体不是你自己的”有相似之处。他呈现出的局促、刻意，是角色的，还是他自己的，分不清，不知道算不算演得好。刘浩存比《一秒钟》里就好太多了。少男少女的爱情很有说服力。岳云鹏承载的同性恋元素就有点突兀了。片尾那漫不经心、浮皮潦草的视频合集只能减分，像一场试图用现实再次击中观众却最终失败的营销。起码也参考一下快手年度集锦是个啥水平吧？这是一部商业片，对现实世界的困境做了煽情化和美化，呈现出的困难也是美的、浅尝辄止的。生活需要欺骗和幻想。映前贴片预告竟然有十几个，而且都是华语电影。期待啦。,3,2021-01-01 12:25:45,15,0,0,0,0,0,0
287,送你一朵小红花,孔府小鱼,两星半。让我怀疑，是不是没有人看过《星运里的错》，还是想指出，这也得算是某种程度上的融梗吧，妈妈开车送主角参加抗癌互助组鼓励主角多交朋友促成男女主两个癌症青年相识，乐观开朗充满鬼点子的对方改变了性格低沉的主角两人相爱，之后两个主角共同开启遥远旅程一方病情加重最终去世，主线剧情架构基本上不差，《小红花》加了更多中国国情的癌症贫困和家庭冲突，然而刻意正能量的部分就有些过于刻意，最后的青海湖MV着实是尴尬了，表演方面，可以看出四字是学习掌握了一些技巧的，有些用得还行，可还是分跟谁比，跟高亚麟朱媛媛这样表演已经不靠演的就根本比不了，刘浩存的台词问题依然没有解决，她的痕迹比四字重多了，缺乏爆发力。,3,2021-01-04 22:56:13,12,0,0,0,0,0,0
288,送你一朵小红花,沉默是金,就如坐针毡的两个小时…太平太淡了，四字真的丑到我了，是为什么脸型会这么崎岖，还这么年轻为啥皮肤这么差，和白白净净的女主站在一起真的没啥cp感，而且台词真的很奇怪，嘴巴的动作怪怪的，我全程盯嘴，不过还是蛮温馨治愈的一部作品啦，看得出主创都蛮用心的，及格是有了,3,2021-01-01 03:53:15,25,0,0,0,0,0,0
289,送你一朵小红花,谢谢你们的鱼,前半部分还有《星运里的错》以及《白日梦想家》的举重若轻，后半段就是毫无节制的煽情和陈词滥调，远远不如《滚蛋吧肿瘤君》的乐观与可爱。整部电影其实并不知道自己真正想说什么，到底是希望的力量，珍惜生命的每一秒还是癌症患者的自怨自艾没什么了不起亦或是生命中重要的人，小红花的意象和平行世界的猜想完全不可调和，以至于影片的时候40分钟一直在结尾，圆完了这个主题，圆那个主题，每一个情节都在意料之中，每一个煽情都齁得要死，饰演张一山的易烊千玺不知道中了什么邪。多一星给生活细节的展现以及朱媛媛的表演。,3,2021-01-01 21:16:25,12,0,0,0,0,0,0
290,送你一朵小红花,年器,韩延，二流导演，不能再多。开片华为手机广告，结尾别克越野广告，这人对“电影”的定义有极大问题。刘浩存演得我几度头皮发麻，四字雨中醉酒神穿京味儿刘星，男女主这两个角色完全不讨喜，双方关系发展又造作狗血，如果删去这一大段贺岁纯情爱情故事或许可以勉强再加一星。不过父母携手穿过马路，背影消失在人群中的那一幕还是深深地打动了我。当你离去，留在人间的我们会彼此相依，于平凡的烟火中继续携手而行。这二位才是真正在演戏啊。,3,2021-01-01 22:13:00,12,0,0,0,0,0,0
291,送你一朵小红花,绿小野马,前半段挺好，后半段就开始崩坏，太过煽情了。有些小惊喜，但故事从一开头就没有在意料之外。还有，夸张的商业片永远敌不过放在结尾的真实抖音片段,3,2021-01-01 01:02:53,9,0,0,0,0,0,0
292,送你一朵小红花,豆友180526575,导演自己先把自己治愈了再说吧，跑出来拍了个什么玩意儿，妄图治愈我们吗？生活还他妈是那么苦，搞个平行时空骗三岁小孩？,3,2021-01-01 12:18:18,25,0,0,0,0,0,0
293,送你一朵小红花,渡边博子和树,原来和《滚蛋吧，肿瘤君》是一个导演啊。这…明显拍的还不如肿瘤君。四字的演技真就同辈小生来说还可以，女主美而不会演。明显电影的投资，演员咖位都够了，能拍成这样也是绝了。一直延续前半段的搞笑风格说不定还能在同类型中杀出重围。讨论爱和死亡的时候，最差劲的表达方式就是一点不克制的情感宣泄，明显这个电影完全做到了。心疼我的四十五块钱，呜呜呜。,3,2021-01-01 11:38:16,17,0,0,0,0,0,0
294,送你一朵小红花,柳子喜欢番茄酱,剧本问题很大，前半段节奏还可以，后面一直在等个大招，已经准备好纸巾想获得一个生命的大救赎，心灵的大洗涤……结果就没了？？感觉人生还是那么苦……,3,2021-01-01 12:13:19,21,0,0,0,0,0,0
295,送你一朵小红花,真是不好意思,要是某些脑残粉不要一直在电影院大喊大叫，或许会觉得票价值回一点,3,2021-01-01 14:15:38,0,0,0,0,0,0,0
296,送你一朵小红花,傻眼猫咪,能猜到剧本的所有走向....然后感觉想表达很多 但什么都表达了一点儿的样子,3,2020-12-31 21:19:53,23,0,0,0,0,0,0
297,送你一朵小红花,Maxxie,几乎不像是在中国会发生的故事。,3,2022-02-10 18:12:48,15,0,0,0,0,0,0
298,送你一朵小红花,湾九九,莫名其妙 有些刻意 生活要是真有这么容易就好了 表演痕迹很重却演不出残酷现实的十分之一 ,3,2021-01-02 03:05:12,0,0,0,0,0,0,0
299,送你一朵小红花,Mr.liu,电影8分，多一分送给易洋千玺的演技！,3,2020-12-31 20:24:59,0,1,1,1,1,1,1
300,送你一朵小红花,klosepc,导演尽力了，真的克制不住了,3,2020-12-31 20:55:02,16,0,0,0,0,0,0
301,送你一朵小红花,Monaghan,哎感觉像是硬掰出来给yyqx练演技的一样。四字弟弟要潜心研究演技，不能只上哭戏。,3,2021-01-24 20:29:29,18,0,0,0,0,0,0
302,送你一朵小红花,我脾气可不好,看了，感觉有一点无聊，但还算勉勉强强，三星,3,2021-01-02 03:54:48,17,0,0,0,0,0,0
303,送你一朵小红花,木禾菌,就这？？？？？？？？,3,2020-12-31 21:45:00,239,0,0,0,0,0,0
304,送你一朵小红花,重庆全智贤,我是很现实的人。。。这种感觉太表面了，并不能打动我。。。,3,2021-01-01 11:55:25,18,0,0,0,0,0,0
305,送你一朵小红花,一实,爸妈拍日常视频那段最好,3,2021-04-01 16:03:10,15,0,0,0,0,0,0
306,送你一朵小红花,ILM,很平庸的一部电影，少年的你里四字演的还行，蛮不错的，但是这部戏，电影平庸，各个演员演的也平庸，无法让人入戏，然后剧情还俗到让人刚开始就能猜到，也是习以为常的事了,3,2021-01-01 13:08:05,14,0,0,0,0,0,0
307,送你一朵小红花,呵呵君。,也就最多7.5，别吹了，平平无奇，不好不坏，为了煽情而煽情的戏码有点密集，赚点眼泪钱得了。部分演员进步还是很大的。有大把的时间就去电影院看看，没时间也不需要专门去看的那种电影。,3,2021-01-02 03:53:51,17,0,0,0,0,0,0
308,送你一朵小红花,Crush：,低於預期，說實話以為會主要是兩個家庭的抗癌故事，結果更多是感情，前面好尷尬啊555女生有點過於外放了。這次四字的演技不咸不淡，父母演的好好～給小女孩父親送紅燒牛肉飯那裡真的哭沒了，好心碎,3,2020-12-31 20:59:19,11,0,0,0,0,0,0
309,送你一朵小红花,未央歌2003,前半段可以，后半段想快进,3,2020-12-31 22:14:57,19,0,0,0,0,1,0
310,送你一朵小红花,冴木,片子里居然爱情线比亲情线重，如果我是个癌症患者，我认为我会更相信有爱我的家人陪伴着我，而不是一个突然闯入我生活的女生,3,2021-04-11 23:19:29,40,0,0,0,0,0,0
311,送你一朵小红花,了之,中途几次我想离场  我是真的受不了这样的情绪 我感觉当场我就差号啕大哭了 真是要疯了 一直在心底嚎叫他妈的为什么要搞这样 这就是把药神的泪点给好几次 我是要疯了 最后片尾的时候 隐隐约约明白 这不就是主旋律 说白了 有一点疫情当下抚慰人心给力量 但我没有收到 看完我感觉我的感情像是被透支了,3,2020-12-31 22:29:59,15,0,0,0,0,0,0
312,送你一朵小红花,小鹿田子,我不想看爱情那一段,3,2020-12-31 19:59:49,21,0,0,0,0,0,0
313,送你一朵小红花,L,两分的剧本，五分的演技，综合起来给个三分,3,2021-01-01 11:12:41,18,0,0,0,0,0,0
314,送你一朵小红花,包子,剧情和节奏都很有问题，算了我只是去看四字弟弟颜值的。。,3,2021-01-01 01:59:01,16,0,0,0,0,0,0
315,送你一朵小红花,江湖偏子,不如肿瘤君拍的好，而且总觉得以前看过类似剧情，既视感太强，我觉得四字还是适合和周冬雨谈恋爱,3,2021-01-04 09:03:31,0,0,0,0,0,0,0
316,送你一朵小红花,废墟和混蛋,挺感动的 但剧本完成度不高,3,2020-12-31 22:30:02,19,0,0,0,0,0,0
317,送你一朵小红花,Fleurs.哼哼,"共识：
如果得了不治之症，就彻底不治，去认真地浪费每一秒在这个时空的弥留。
那些还未曾涉足的山川湖泊，乡土烟火……
那些还不曾放肆地脑洞大开，推倒重来……
那个我最爱的你啊，会留下可能不只最后一封情书……
会找个暂时被人遗忘的地点，安详的离开，慢慢分裂成有机体，魂归故里……这些，我只会告诉你，待到那片金光的山花重开，烂漫……希望我们还在。",3,2021-03-10 16:33:06,6,0,0,0,0,0,0
318,送你一朵小红花,HarperYug,电影还是蛮厉害的，能让一旁开场就叽叽喳喳的女生哭了大半个小时也算是个“魔法”吧。完完全全的商业性作品，没有什么多余的技巧可谈；各方面都是在做减法，用配角和群演来将整个主题推动下去。当然效果也是很明显的，煽情催泪成了最大的“卖点”。无关演技，两位新演员的台词真的该去好好练练了。,3,2021-01-03 15:26:30,14,0,0,0,0,0,0
319,送你一朵小红花,五月.,节奏还行，但没看哭，也没咋笑，披着抗癌外衣的青春爱情片。跨年夜,3,2021-01-01 07:56:16,11,0,0,0,0,0,0
320,送你一朵小红花,有志向的三流,6.5分。刻意，刻意，还是刻意。如果把癌症主题换成抑郁，低落，生别的病，或是什么无常和意外，也差别不大，反复戳这种生死病痛的点真的没多大意思。千玺的台词功底不是长进而是含糊得倒退了，刘浩存连一句话里的轻重音都无法区分，美而不灵最是灾难。勉强算是讲圆了故事，长辈们有几位也算是演得尽力，可惜也就如此了。,3,2020-12-31 20:44:13,17,0,0,0,0,0,0
321,送你一朵小红花,Rouch,我相信一定会有另一个时空，存在着另一个我，另一个你，我们过着不一样的生活,3,2020-12-31 21:39:50,0,0,0,0,1,0,0
322,送你一朵小红花,Wintermojo,是那种“给我哭”的电影，还挺失望的,3,2021-02-17 01:38:32,12,0,0,0,0,0,0
323,送你一朵小红花,Fa财（已破产,韩延是不是动物世界时被药神k傻了又回来拍抗癌片了，演员之外几无亮点。。。,3,2020-12-31 20:17:05,12,0,0,0,0,0,0
324,送你一朵小红花,早日飞升,星星全给演员们的演技，以及工作人员拍戏辛苦了。剧情没逻辑，东一榔头西一棒槌，换一批演员，情都煽不起来,3,2021-01-04 14:41:24,9,0,0,0,0,0,0
325,送你一朵小红花,飜,感觉挺空洞的，,3,2021-01-01 12:00:54,14,0,0,0,0,0,0
326,送你一朵小红花,跑调也要唱,推荐的人太多了以至于给我的反差很大 真的难看 唯一让我觉得不错的是几个家长的演技,3,2021-01-04 01:36:38,0,0,0,0,0,0,0
327,送你一朵小红花,夏妆,四字丑苏丑苏的，不错,3,2020-12-31 20:14:55,0,0,0,0,0,0,0
328,送你一朵小红花,ChrisKirk,前半部分很好，正常／不正常的探讨借由癌症青年托出，不仅是一次微观意义上对于概念界定者的挑战，同样也对试图抹去差异的「合群分子」提出了质疑，在废弃天台聆听动物声音的段落妙极，把电影此前呈现的种种对立推向了极致，甚至可以说是在以隐喻的方式戳破渴盼奇迹的虚无。但随后电影却诡异地滑入了摇旗呐喊和狂喊口号的正能量传递上，最后一个小时白眼翻到眼皮抽筋。易烊千玺真的很好，有太多灵光片段。,3,2020-12-31 22:23:08,5,0,0,0,0,0,0
329,送你一朵小红花,酒酿甜蛋羹,这分是怎么打的呀……好尴尬，也就5-6分的感觉吧,3,2021-01-01 12:24:54,15,0,0,0,0,0,0
330,送你一朵小红花,RousseauCat,廉价生硬的煽情,3,2020-12-31 20:07:01,335,0,0,0,0,0,0
331,送你一朵小红花,信电影得永生,过度煽情让人讨厌，甚至反感。每当想投入进去的时候，那些尴尬的对白又让人抽离。前半段尚可，后半段煽情大法一开始见效，我都有些感觉这样操作太“卑鄙”了。小红花，好孩子。这些寓意并不可爱，没有个性。最终他彻底成为一个懂事的孩子，这太残酷了。有趣的是观影过程:许多人几乎一直亮着手机屏幕。而我左边的男生全程玩手机，右边的两个女生一会儿哭的死去活来，一会儿笑的上气不接下气。真是人间真实，一点也不可爱。新年第一部，写得有点长。莫要见怪。三星2021，新年快乐~,3,2021-01-01 03:25:20,13,0,0,0,0,0,0
332,送你一朵小红花,Ахахаххх,是不是还没从少年的你（千玺演的很好）走出来？,3,2021-01-01 08:06:37,7,0,0,0,0,0,0
333,送你一朵小红花,薛苏,中国人的共情点：大病。情节有较多生硬处。有过度煽情。演员形象好，当偶像剧看。易烊千玺表演水平很看对手,3,2021-01-17 13:21:26,17,0,0,0,0,0,0
334,送你一朵小红花,限时推送,说实话，就跟抗癌没什么关系，女主还不够积极吗，癌症还是带走了她。复发之后就不抗了？就真的一般。但但吴晓昧脸上两个小红花真的好评ƪ,3,2021-01-01 00:20:05,12,0,0,0,0,0,0
335,送你一朵小红花,今天睡醒了,作且作的毫无新意,3,2021-01-01 12:21:49,19,0,0,0,0,1,0
336,送你一朵小红花,MIGHTYMINT,台词太多暴露演技,3,2020-12-31 23:24:29,15,0,0,0,0,0,0
337,送你一朵小红花,secristalliser,没有四字上一部好看，挺公式的抗癌电影。但是问题都是剧本的问题，弟弟演技是真的不错。,3,2020-12-31 20:34:04,21,0,0,0,0,0,0
338,送你一朵小红花,袁,整部电影的出发动机都是为了什么而什么，挺没意思,3,2021-01-01 10:32:56,15,0,0,0,0,0,0
339,送你一朵小红花,马桶盖,易烊千玺的表演让我觉得含了一口痰,3,2021-02-25 18:41:37,12,1,1,1,1,0,1
340,送你一朵小红花,萌 . 李,这个导演的片子不会再看了，就全篇很“刻意”，他知道时下大众的喜好，很“迎合”的作品，他知道这种题材不会出错，就好比滚蛋吧肿瘤君，你消费题材可以，但你在手法上有所创新啊，手法上也没有，还停留在2000年左右韩国同类电影的水平。亮点只有牛肉饭爸爸那段，为牛肉饭爸爸加一星。,3,2021-01-02 10:46:32,14,0,0,0,0,0,0
341,送你一朵小红花,子戈,（1）故事都在意料之中，好在节奏和细节。后三分之一略垮；（2）确实很好哭，看的时候抽泣声此起彼伏；（3）千玺角色的表演难度比少你高，如果很多人觉得少你是赶上了，那么这部算是证明自己的天赋；（4）刘浩存有灵气，未来可期。,3,2021-01-03 01:32:07,12,0,0,0,0,0,0
342,送你一朵小红花,噬辣狂魔小泽条,爸爸妈妈演的真好,3,2022-02-09 17:10:04,20,0,0,0,0,0,0
343,送你一朵小红花,万俟祾,虽然但是 那就三星吧,3,2021-01-01 07:01:06,7,0,0,0,0,0,0
344,送你一朵小红花,hooperuuuuun！,7.2 时长缩短30分钟 去掉易烊千玺出戏的口型能更好,3,2021-01-02 03:30:50,14,0,0,0,0,0,1
345,送你一朵小红花,WilliamOsborne,太鸡汤，太煽情，刘浩存太抓人。7/10,3,2021-01-01 21:43:51,7,0,0,0,0,0,0
346,送你一朵小红花,无聊内🐟,四字的台词真的不怎么样，刘浩存演的很自然，全片最打动人的就是父母们的表演。2020年最后一场电影，希望2021所有人都健康快乐。,3,2021-01-01 10:02:25,13,0,0,0,0,0,0
347,送你一朵小红花,金牌调姐师,导演洋葱精转世吧？卯足了劲给人打流泪激素。less is more，懂？,3,2020-12-31 20:35:58,15,0,0,0,0,1,0
348,送你一朵小红花,cocopabla,为什么支付宝电影会有9.3分。我再也不信那个评分了。疫情发生以来第一次去电影院看电影。癌症这个主题我本身就挺喜欢的。原来和《滚蛋吧！肿瘤君》是同一个导演，我说怎么结局都是陪着剃光头，女主都死了。平行宇宙，第一次听到这词是在挪威剧《羞耻》s3。还有男主骑摩托载女主，让我想起没看过的老香港电影《堕落天使》《最好的时光》的经典片段。不要再丧啦！病友群里相互鼓励。晚上不睡觉听动物的声音，觉得有点浪漫又无聊。没有条件旅游，就在小天地里模仿一下，也挺不错的哦。女主打开了男主的心，真好呢。电影主角是纯洁的孩子。插曲也是我们天然卷星人唱的，暖暖的，挺喜欢片尾曲的。最好看的地方是男女主穿着白色，黑色头发，站在清澈的水面旁微笑。,3,2021-01-03 02:54:03,11,0,0,0,0,0,0
349,送你一朵小红花,SallyGotProcras,高开低走，太一般。虽然说艺术是该回归生活没错，但不是让我花四十多去电影院看了两集电视剧。帮弱势群体发声是没啥问题，但这并不意味着可以忽略电影本身。格局不清晰，电影语言乱七八糟……没有核心，杂乱的矛盾。说是电视剧一点也不夸张。 ,3,2020-12-31 21:05:45,16,0,0,0,0,0,0
350,送你一朵小红花,枝一,导演说要拍普通人家的故事，可电影里闪烁着的普通人的样子都略飘浮。,3,2020-12-31 22:34:35,20,0,0,0,0,0,0
351,送你一朵小红花,"アキラ""",全片基本没什么剧情逻辑支撑，感觉是个迎合女粉向的大型MV…说实话电影感还不如同是MV的小时代。各个角色都很脸谱化，四字演技还不错，但跟少年的你形象有点重合…希望以后能多看到其他风格。总之各要素撑得起一部跨年商业片，但期待深度和严肃电影的人来说实在有点失望。,3,2021-01-01 12:07:18,12,0,0,0,0,0,0
352,送你一朵小红花,momo,6.6~7.0分吧，穿插的不必要的桥段太多了，爱情线完全不必要这么多。,3,2021-01-01 12:28:20,18,0,0,0,0,0,0
353,送你一朵小红花,紅豆生南京,中间还挺好的，后面那群小花羊啥意思啊？莫名其妙感觉多拍了半个小时。朱媛媛和高亚麟演的最好，朱媛媛和儿子聊天说“生了你以后妈妈什么都不怕了”那段我狂哭。四字时好时坏，和父母对手戏很好，雨中告白那段拉胯极了。整体不如牛背山。刘浩存挺可爱的，但有几个表情简直奚梦瑶本瑶。小岳岳那个角色，嘻嘻，懂的自然懂。,3,2021-01-01 01:53:55,6,0,0,0,0,0,0
354,送你一朵小红花,inB612,感觉和预告剪辑版差得有点多…像两个不同的故事。俗套的剧本，俗套的爱情，俗套的结局，高频率的直白煽情…是期待过高了,3,2021-01-01 10:37:56,10,0,0,0,0,0,0
355,送你一朵小红花,Adelsmann,6.5，说实话期待很高但是，剧情不行，全靠演员在盘活。每个线都有，每个线又不够有力，最后的分别是完整的落幕。,3,2021-01-01 02:24:58,8,0,0,0,0,0,0
356,送你一朵小红花,momo,这个导演就讲不好故事，这种题材拍出来能让人感动里流泪是最不值一提的，看不到导演编剧对生老病死这一块深刻的理解，太浅了，那个演员台词发音有问题，嘴巴动作有点影响观看，凑过吧，最多六十分,3,2021-01-01 12:00:30,11,0,0,0,0,0,0
357,送你一朵小红花,shen_me,MV 拍的不错,3,2021-01-01 13:42:29,10,1,1,0,0,1,1
358,送你一朵小红花,奇异果,其实和晴雅集一样是粉丝向电影，并且一样存在剧本不扎实，演员台词口齿不清，不同的是晴演员是面无表情，这部主演们过于煽情表演太过了。,3,2021-01-01 14:22:46,21,0,0,1,0,0,0
359,送你一朵小红花,认真生活.,emm 平平平平平平无奇 九点五十八入场 零点一分出场 这个年没跨好,3,2021-01-01 10:42:10,19,0,0,0,0,0,0
360,送你一朵小红花,Jinji,是挺温馨的，但设定有点悬浮，我不太相信奶奶叔叔姑姑都愿意卖自家房来救男主一个人😅也不太懂为什么女主会突然爱上这么欠儿又没什么闪光点的男主（单论角色设定，与主演无关）喜欢故事中四川爸爸和女儿那一条线,3,2020-12-31 22:20:02,22,0,0,0,0,0,0
361,送你一朵小红花,薇羅尼卡,演员以一己之力把这个从剧情到配乐都一路拉胯的二星电影提升到了三星及格水平。弟弟可以谈恋爱了，未来可期。,3,2021-01-02 00:13:46,7,0,0,0,0,0,0
362,送你一朵小红花,20个小明≯,演技都在线，但情节还是有点老套，没法不联想到《星运里的错》，后半部分太拖沓且用力过猛……,3,2021-01-03 19:52:19,5,0,0,0,0,0,0
363,送你一朵小红花,蛋挞,比不上少年的你，还有四字弟弟好好练练台词吧,3,2021-01-01 12:28:02,25,1,1,1,1,1,1
364,送你一朵小红花,苏大强,送给尴尬的四字弟弟吧,3,2021-01-01 00:23:39,10,1,0,1,1,1,1
365,送你一朵小红花,wiknoay,前段的邂逅戏和后段的卧轨戏做的有“网感”剩下的就只有预告那点内容了，不客气的说，韩延在这本电影里毫无存在感或者就是拖后腿的，最有力量的一场戏真拍成了花絮水平。营销确是越来越会了，拍戏就不能花点钱?穿白衣服到青海拍的这仨儿镜头就是5000块的旅拍也得退钱——就和结尾的平行时空一样弄巧成拙两星给两个眼里有光的演员,3,2021-01-02 14:44:06,0,0,0,0,0,0,0
366,送你一朵小红花,猛喝怡宝矿泉水,【6.5】题材感动，但叙事节奏槽点太多，整部电影像一段起伏的小山丘。癌症仅仅成为了一个符号，病友群和《药神》完全不是一个概念。韩延导演功力欠佳吧，很多镜头是冗余的——例如王者荣耀的特写镜头，不过建议可以拍拍青海旅游宣传片。,3,2020-12-31 23:09:49,13,0,0,0,0,0,0
367,送你一朵小红花,Q。,本身癌症的题材很容易打到我软肋，但明显是为了煽情而煽情。整个电影最好的片段全剪在预告里，前半段还好，后半段整段崩坏。高亚麟不愧是老戏骨，演技一骑绝尘。★★★,3,2021-01-09 21:33:39,5,0,0,0,0,0,0
368,送你一朵小红花,柴柴和皮蛋,可惜了，剧本真的不行，如果不是因为四字和老戏骨们......就只能拿两星，让人共情和落泪的是这个题材，而不是这部电影,3,2021-01-01 11:36:27,10,0,0,0,0,0,1
369,送你一朵小红花,love shut,挺一般的，可能状态不好，一次都没哭,3,2021-01-01 07:11:58,13,0,0,0,0,0,0
370,送你一朵小红花,文文周,罗列很多，信息和推进太少，表达，则没有。,3,2021-01-01 23:54:13,4,0,0,0,0,0,0
371,送你一朵小红花,CPT,这样的演技还达不到拿来吹捧的地步,3,2021-01-02 02:34:21,11,0,0,0,0,0,0
372,送你一朵小红花,王老刀,形散神散，为了感人不能把所有感人的元素简单的堆砌呀，节奏控制糟糕。三星是因为握着四个二两个王。,3,2021-01-01 11:37:03,7,0,0,0,0,0,0
373,送你一朵小红花,马掰掰,到后面感觉像在看保险公司的公益广告，太想描绘病友群像，反而忽略了对男女主角更深度的刻画，但情感高于情节，所以能让人共情。即使是红烧牛肉饭那种设计痕迹过度的情节，也被情感覆盖了。演员们都很棒。,3,2021-01-16 23:12:39,7,0,0,0,0,0,0
374,送你一朵小红花,廖了一下头发,就是拿着患癌题材在拍两个小孩谈恋爱,3,2021-01-01 14:12:17,14,0,0,0,0,0,1
375,送你一朵小红花,某四,实话讲选角不错，表演也是在线的，但是剧作问题很大，中后段尤其吓人，死命掐泪腺的同时强行正能量，这哪是鸡汤啊这是鸡血吧……结尾太难消化了，合着只靠幻想平行世界就能告慰死去的爱人并过好自己这倒霉的一生了？以病亡女儿的名义为肿瘤医院门口的（没有任何心智障碍的）父亲点的那一盒牛肉饭也好难懂，从哪个角度分析都不是抚慰人啊，这哪里是陌生人的善意啊这是刺弄人吧，您还能想出比这更歹毒的恶作剧吗？,3,2021-03-05 18:04:09,4,0,0,0,0,0,0
376,送你一朵小红花,06ditto,更像是一个普通癌症病人的vlog，而不是一部电影。演员和视角都不错，但是剪辑真的像个vlog琐碎不知所云，没有粉丝说的那么好，但是也没有黑子说的那么烂，至少及格了。,3,2021-01-01 14:02:54,12,0,0,0,0,0,0
377,送你一朵小红花,椅子,剧情不够流畅，强行煽情，没想到是我居然配合地落泪了,3,2021-01-01 12:08:10,13,0,0,0,0,0,0
378,送你一朵小红花,k宝,蛮一般的 我就只当作全程舔我存宝的颜了 整部片子可以说一句不知所谓,3,2021-01-01 13:42:51,10,0,0,0,0,0,0
379,送你一朵小红花,比海更深,女孩病倒之前伪装而成的正常生活显然比病倒之后的煽情正能量更打动人，两小孩活灵活现的，四字弟弟还是真诚，一瞬瞬真挚的眼神就能一下一下击打到你的情绪。,3,2020-12-31 22:49:36,8,0,0,0,0,0,0
380,送你一朵小红花,豆友194437953,期待过高，落差太大。,3,2021-01-01 15:07:40,15,0,0,0,0,0,0
381,送你一朵小红花,鲸落-辞去,强行。。。一般吧。,3,2021-01-02 02:57:30,11,0,0,0,0,0,0
382,送你一朵小红花,俞飞鸿,各方面都很一般。醉酒后在比依萍去要钱那天还大的雨中表白这种上世纪偶像剧的套路，加上四字贯穿全场的气泡音，过于悬浮了，像在看青春伤痛文学，俩小朋友台词再好好练练吧。,3,2021-01-01 23:08:32,15,0,0,0,0,0,0
383,送你一朵小红花,Miranda,不如预期。虽然韩延讲故事的本领还在，但这明显次过于讨巧，既是偷懒不破，自然也就没什么新意了。另外失了大导加持的俩年轻演员还不足以担当大任，仍需加以磨练。,3,2021-01-01 04:05:15,7,0,0,0,0,0,0
384,送你一朵小红花,一只雪熊,期望过高了 剧本有点弱 感觉四字在少年更出彩 小姑娘真好看～ 顺便给🌈一颗星,3,2020-12-31 20:59:24,14,0,0,0,0,0,0
385,送你一朵小红花,蓝木缨子,有泪点，四字弟弟没有小北那样演得好，刘存浩也一般，仿佛干瞪眼得baby被鹿小葵附身。两个年轻演员没有把这部片撑起来。,3,2021-03-10 22:02:56,12,0,0,0,0,0,0
386,送你一朵小红花,三两三,片尾曲挺好听的,3,2021-01-01 05:47:17,0,0,0,0,0,0,0
387,送你一朵小红花,输入昵称,真的太一般了，我都想打两星了，但是岳云鹏易烊千玺和刘浩存和他俩父母，演技还是值三颗星的。这部剧不算烂片但也绝对不是好电影。而且我觉得刚开始易烊千玺在这部剧的演技真是一言难尽,3,2021-01-01 11:55:08,13,0,0,0,0,0,0
388,送你一朵小红花,Quorra7,无法带入，看这两人谈恋爱真的有点尬，全程都清醒的知道这是俩明星，一个顶流一个谋女郎,3,2021-01-01 17:02:24,9,0,0,0,0,0,0
389,送你一朵小红花,KK酱,跟爸妈一起看，前半部分尬到脚趾抠地，后半部分较好但略有煽情。,3,2021-01-04 02:01:39,9,0,0,0,0,1,0
390,送你一朵小红花,一颗放光芒,像挠痒痒，手放在痒的位置却没有挠舒坦。,3,2021-01-01 08:54:12,8,0,0,0,0,0,0
391,送你一朵小红花,少说两句,为大众消费而产生的电影，,3,2021-01-01 03:25:25,12,0,0,0,0,0,0
392,送你一朵小红花,魔鬼的赞歌,7分吧,3,2021-01-01 14:27:00,8,1,1,0,1,1,1
393,送你一朵小红花,倒颠,个人觉得有些过于煽情…闺蜜哭的稀里哗啦的，出影厅后骂我冷酷无情…而且易烊千玺的刘海看得我真的好难受！尾声他剃头了，我爽了！女主的角色真的浪漫且美好，无法抵抗如此会撩的女生。两人在隧道里骑着电动车飞驰的时候，真的很难不让我想到《堕落天使》里金城武载着李嘉欣的片段。,3,2021-01-01 02:43:59,11,0,0,0,1,0,0
394,送你一朵小红花,天予,低配版《星运里的错》,3,2021-01-04 10:05:20,7,1,1,1,1,0,1
395,送你一朵小红花,infetu,前头还行，后面爆发戏不行，这么喜庆的日子看这个心里难受,3,2021-01-01 06:05:48,10,0,0,0,0,0,0
396,送你一朵小红花,橘生淮南,【2020.12.31】有点尬，看来演戏还是要有人带。【2021.01.01】各位妹妹不要過來教我做人，影評是我的真實想法，作為四字粉我也希望他在影視上能有更好的作品，但有《少年的你》里精彩的表演在前，《送你一朵小红花》里的表現就感覺並沒有太令人惊叹，“喜歡”和“嚴格要求”二者之間並不衝突。另：你可以說我的欣賞能力很低級，但請不要在私信里口吐芬芳暴露你素質不高的事實。【2021.01.06】3號廳影評：“而是他的高水平和高起点，决定了我们更苛刻的审视。”——弟弟加油，你能行。,2,2020-12-31 20:09:18,12718,0,0,0,0,0,0
397,送你一朵小红花,sailing_z,看了二三十分钟，实在看不下去跑出来了。人与病魔的对抗，对死的认知…本以为会很深度，结果却是一部低智片。以后再也不看贺岁片、十一黄金档之类的噱头片了。,1,2020-12-31 20:09:19,6462,0,0,0,0,0,0
398,送你一朵小红花,Nano,剧情演技都一般又老套，一分扣在跨年要看死人一分扣在强行蹭lgbt热度,2,2020-12-31 20:29:39,5340,0,0,0,0,0,0
399,送你一朵小红花,ilin,两个小时的电影，为了鸡汤而鸡汤。,2,2020-12-31 20:24:42,5009,0,0,0,1,0,0
400,送你一朵小红花,挖好片儿,打着抗癌幌子的老套爱情剧！如果你不是主角的粉，你可能十分钟都坐不下下去，非常的无聊和冗长，没有故事没有剧情。前一个多小时设置的笑点，也是陈年老梗，后半段想要煽情，却非常刻意！街头的吃外卖父亲，乞讨的妇女，明明可以把故事写一写，却也没有故事线，强行尴加！五分钟能说清楚的事情演了2小时！,1,2020-12-31 20:05:21,4572,0,0,0,0,0,0
401,送你一朵小红花,cexic,演的啥玩意啊   一星高亚麟一星朱媛媛 易烊千玺为什么每句台词结尾都跟个气泡音 ,2,2020-12-31 20:24:57,4419,0,0,0,0,0,0
402,送你一朵小红花,伊莲娜,刻意煽情，剧情尴尬，如果不是四字弟弟，这剧人应该很少，题材很好，表达很尴尬，有部分小细节 还是有感动到，比起少年的你  这个让我有太多失望了,2,2020-12-31 20:05:13,1012,0,0,0,0,0,0
403,送你一朵小红花,南瓜酱,演技不错 剧本不太行,2,2020-12-31 20:29:50,917,0,0,0,0,0,0
404,送你一朵小红花,bxnl,尬煽情是我的雷点,2,2020-12-31 22:24:45,944,0,0,0,0,0,0
405,送你一朵小红花,fingersmich,铺天盖地的宣传大部分就说明片子不太行…小红花真算是情节点的堆砌，不深刻。以及漫天飞的空话和口号，从不展现人物的动力。而且……易烊千玺的演技，这是怎么了？这么做作矫情，放不开？舌头绕口？……两个小时太煎熬了。我不太为什么还有女生哭那么久，能看出个一二三吗？这个片子，有什么意义呢……大可不必为了凑数，凑系列来拍啊，千万千万别去消费观众的感情了…………………………,2,2020-12-31 20:39:47,3812,0,0,0,0,0,0
406,送你一朵小红花,F.,剧情平淡的像白开水…好无聊的电影…,2,2020-12-31 21:06:14,875,0,0,0,0,0,0
407,送你一朵小红花,豆友202769248,这不就是少年的你2？还是低配版。。。 看的太尴尬了，易烊千玺少了周冬雨这样有演技的女主带就全程尴尬，强行爱情,1,2020-12-31 20:34:51,3162,0,0,0,0,0,0
408,送你一朵小红花,成秀妍,强行煽情，后半段太拉垮,2,2020-12-31 20:41:23,701,0,0,0,0,0,0
409,送你一朵小红花,傅惟演,副线比主线精彩八百倍系列 易烊千玺在雨中表白 我在冷笑,2,2020-12-31 22:19:45,678,0,0,0,0,0,0
410,送你一朵小红花,胤祥,这部电影的问题不是差，是坏。给四川大叔点牛肉饭外卖那个桥段就说明了问题，编导的目的就是要把人弄哭（以死去的女儿名义点餐这不是坏是啥？？？）。为什么又是一个献祭女性救赎男性的故事？就不提这片子怎么消费疫情期间积累的社会情绪了。这碗浓浓的正能量鸡精里唯二还不错的点就是四字弟弟的演技，以及吐槽向的台词写法（包括欢喜冤家的套路翻新）。不过片子从根儿上就坏了，怎么都救不回来。平行世界是啥，就是编导在忽悠你嘛，吃不下，如鲠在喉三连。,2,2021-01-01 16:23:58,726,0,0,0,0,0,0
411,送你一朵小红花,M78星云奥特曼,千玺弟弟和浩存妹妹都很好看。但片子本身吧，我觉得还不如像滚蛋吧肿瘤君一样拍成纯喜剧，这半喜半文的，看着太闷了。相比喜剧没那么有意思，相比文艺片又童话了一些，而且台词写的也一般，剧本也不新鲜。,2,2020-12-31 20:09:57,601,0,0,0,0,0,0
412,送你一朵小红花,高贵路人,"剧情未免太无聊了...看得困死了
以及粉丝全程乱叫观感很差",2,2020-12-31 21:21:05,657,0,0,0,0,0,0
413,送你一朵小红花,已注销,刻意煽情，好难看，失望,2,2020-12-31 20:02:22,621,0,0,0,0,0,0
414,送你一朵小红花,欣欣,易烊千玺的演技还行吧，女生稍微有点尴尬，剧情很扯…看了下导演，哦原来是滚蛋吧肿瘤君…疾病类电影很容易跟心理方面牵扯上，这次也一样。剧情不用看也知道，没有希望和未来的主人公在遇到女主的激励后重新振作，老剧情了（最后想说病没长在自己身上都会安慰别人）,2,2020-12-31 20:04:23,497,0,0,0,0,0,0
415,送你一朵小红花,秋裤的春天,好久没有在电影院睡着了 无聊到不行,2,2020-12-31 21:14:09,534,0,0,0,0,0,0
416,送你一朵小红花,阿平,尴尬了很多次，导演也没个确定的主题，或者没有拍出主题。,2,2020-12-31 21:20:04,2901,0,0,0,0,0,0
417,送你一朵小红花,没穿裤子,这电影预售两个亿？真看不出来好在哪 电视剧水准啊……后来想了想，什么电影不电影的，鸡汤大法好，赚到钱是真的,2,2020-12-31 20:19:20,3081,0,1,0,0,0,0
418,送你一朵小红花,magoo,韩延你退步了。。。,1,2020-12-31 21:58:59,483,1,1,1,0,1,1
419,送你一朵小红花,就說了不要說話,尬到我脚趾在电影院挖出精绝古城,2,2020-12-31 21:23:34,489,1,1,1,1,1,0
420,送你一朵小红花,江湖,强行煽情，有点尬，看的都困了，刘浩存还挺好看的,1,2020-12-31 20:12:49,469,0,0,0,0,0,0
421,送你一朵小红花,米饭是甜的！,为了千玺看的，可是并不好看，女主演技好差劲,1,2020-12-31 20:55:49,429,1,1,1,1,1,1
422,送你一朵小红花,Zebra,刚好是我最讨厌的那类片子,1,2021-01-01 00:34:57,427,1,1,1,1,1,1
423,送你一朵小红花,hiatus,挺煽情也挺没意思的,2,2020-12-31 21:59:58,407,0,0,0,0,0,0
424,送你一朵小红花,NameLess,我真傻，真的。曾经被《地球上最后一个夜晚》骗过，还是没逃过这个，跨年看电影真的不是明智之选，我宁愿在酒吧患潮人恐惧症。真诚建议韩延，水平如此，真的没必要拍动物世界2了(･_･),1,2020-12-31 22:09:37,2362,0,0,0,0,0,0
425,送你一朵小红花,终有弱水,不谈恋爱就不会拍电影是吗,2,2020-12-31 22:24:21,387,0,0,0,0,0,0
426,送你一朵小红花,想得你盛赞,别去看朋友们！太空洞了，只有名字听起来和好电影沾边.....看的时候一脸迷惑和尴尬，因为题材涉及癌症和家庭也没法过于批评它，但我带了国产滤镜后也只能给它个及格分，只有粉丝才会看的开心吧，主线不知所谓的空洞一分给父母的演技，一分给女主长得太漂亮了，一分给小红花这首歌（放在谢幕播我也是没想到），再扣一分四字太丑了放大到屏幕更是灾难,2,2020-12-31 22:00:54,376,0,0,0,0,0,0
427,送你一朵小红花,意大力,不知道为什么有种上当受骗的感觉，又臭又长，满怀希望进电影院，失望而归,1,2020-12-31 23:09:15,370,0,0,0,0,0,0
428,送你一朵小红花,鱼森,那么冷的天，送你一根小火柴吧。,2,2020-12-31 20:22:05,342,1,1,1,1,1,1
429,送你一朵小红花,Londres247号,期待太高了,1,2021-01-01 08:57:11,315,0,0,0,0,0,0
430,送你一朵小红花,r江湖骗子,就这？为什么题材这么出彩剧本如此差？就这个水准好意思营销我是没想到,2,2020-12-31 21:49:18,372,0,0,0,0,0,0
431,送你一朵小红花,天青色,8分。。。太高了，基本得降到6分才算合适。,2,2021-01-01 01:39:02,332,1,1,1,1,1,1
432,送你一朵小红花,拾。,真的真的一般吧  旁边的女生都哭得不成样子  我只好假装扣扣眼睛😞,2,2020-12-31 21:24:35,345,0,0,0,0,0,0
433,送你一朵小红花,IVE-蔡亨源,好一般啊…前面的那么多营销还以为多好呢 就这…？,1,2021-01-01 03:08:37,319,0,0,0,0,0,0
434,送你一朵小红花,Find me,尬,1,2020-12-31 21:44:20,304,1,1,1,1,1,1
435,送你一朵小红花,地球何时爆炸,这不是披着特殊群体外衣的爱情片吗？求求yyqx别气泡音了吧！,1,2021-01-01 02:57:23,312,0,0,0,0,0,0
436,送你一朵小红花,豆友227359866,那啥就不能取个一看就是电影的名字😣,1,2021-01-01 08:57:00,262,0,0,0,0,0,0
437,送你一朵小红花,19號收信人,一星给女主的颜 一星给LGBT,2,2020-12-31 22:39:54,290,1,0,1,1,1,1
438,送你一朵小红花,FLOWER,演员演技还可以，剧情实在太差了，一边看一边想着怎么还不结束,2,2020-12-31 20:16:39,299,0,0,0,0,0,0
439,送你一朵小红花,玫瑰信徒,不知道导演编剧怎么想的，设置的这个男主形象太不讨喜了，除了粉丝之外的观众怎么代入共情？？我一直以为后面男主会有什么改变成长，结果我到后面我越看越想抽这个男主……就是一部披着癌症题材的偶像剧，那感情线快速而生硬的，恨不得片尾直接原地结婚。。不针对易洋千玺，只是这部导演还把易洋千玺当“刘北山”来塑造了，不怕观众串戏吗？？《少年的你》剃光头，你也剃？《少年的你》致敬《堕落天使》，你也致敬？合着你拍的是《少年的你之平行时空》是吧,2,2020-12-31 23:04:55,276,0,0,0,0,0,0
440,送你一朵小红花,万事付与千钟,做作,1,2021-01-01 09:05:02,262,0,0,0,0,0,0
441,送你一朵小红花,哆啦c毛,不好看 看一半就索然无味了  老演员演技还是可以的   韩颜如果一直拍这种抗癌电影 大概才能保证票房   而且要请流量,1,2021-01-01 06:54:59,255,0,0,0,0,0,0
442,送你一朵小红花,艾莉的冷笑话,烂,1,2021-01-01 07:56:08,267,1,1,1,0,1,1
443,送你一朵小红花,哟西思密达,豆瓣也沦陷了？,1,2021-01-01 11:27:32,255,1,1,1,1,1,0
444,送你一朵小红花,蒋先生,看来演戏真的需要好演员（周冬雨）带，就像七月与安生里的马思纯，少年的你里的四字弟弟，换个剧情，觉得尬。,1,2021-01-01 02:49:58,253,0,0,0,0,0,0
445,送你一朵小红花,墨非墨宝,抵制丑四,1,2021-01-01 08:42:47,254,1,1,1,1,1,1
446,送你一朵小红花,又在说些,挺烂的,1,2021-01-01 10:16:55,250,1,1,1,1,1,1
447,送你一朵小红花,华夏骄子,剧情不好看，看十几分钟就离场了,1,2021-01-01 09:06:04,241,0,0,0,0,0,0
448,送你一朵小红花,樱叶捕虫堇,这个电影特别虚伪，它把癌症病人或者说面对这种重大疾病时候人最难以承受的两个问题抹杀了，并在这个基础上拍了一个近似矫情的青春片。癌症病人面临的最大的两个问题是金钱和家人的态度，这两样问题在电影里所有病人那里好像都不是什么大问题。花钱虽多但也不是过不下去 何况家人都爱自己陪着自己 ，好像他们要解决的只有和自己达成和解。,2,2021-02-01 11:20:53,219,0,0,0,0,0,0
449,送你一朵小红花,Lies and lies,给每一只羊涂上小红花，这可能是我看过最恶俗的画面。,1,2021-01-01 01:12:26,618,0,0,0,0,0,0
450,送你一朵小红花,球球,除了煽情 故事硬伤太严重了吧  真的可以打动人心吗,1,2021-01-01 01:24:52,229,0,0,0,0,0,0
451,送你一朵小红花,秋刀鱼,在电影院晃神的时候感觉自己在看一部青海旅游宣传片……,2,2021-01-01 02:39:23,237,0,0,0,1,0,0
452,送你一朵小红花,一期一会,四字根本撑不起男主角，太尬了，说实话还不如去看隔壁的喜剧片,2,2021-01-01 10:05:13,209,0,0,0,0,0,0
453,送你一朵小红花,豆友63349377,真的这么冷的天气，一起跨年就挺好的，你非要说“没事一起去看看××电影吧”这电影的排片最高了， 这大概是几年来我俩第二次看通宵电影吧，记得上一次还是几年前，我们看的是陈凯歌导演的，浩然的白鹤少年好惊艳，今天，我俩一开始还挺认真，现在我有些尴尬和无聊，你都打瞌睡了……一转眼，我们都过了煽情不能轻易打动的年龄，一旦灌鸡汤来了就觉得有点难受，我们还是适合拆弹专家那样热闹的电影吧，这个作为跨年电影选择期待过大失望越多。,1,2021-01-01 02:48:16,214,0,0,0,0,0,0
454,送你一朵小红花,今天比较可爱,这么好的题材怎么会这样 男女主演技都不太可,2,2020-12-31 20:02:03,2392,0,0,0,0,0,0
455,送你一朵小红花,崔秀彬(回归版,真的很无聊,2,2021-01-01 00:19:17,215,0,0,0,0,0,0
456,送你一朵小红花,亖层交换机,不知道在干嘛，有点莫名其妙的冲突和煽情以及贯穿全片的气泡音,2,2020-12-31 23:39:54,235,0,0,0,0,0,0
457,送你一朵小红花,Chevalier,2020.12.31,2,2020-12-31 22:49:27,173,1,0,0,1,1,1
458,送你一朵小红花,文森特九六,从未触及问题的根源和本质，或者说出发点即是偶像号召力驱使下的情感故事演绎而已，当然这本身并未有什么大错，但从宣发上的确造成了对影片试图去关注的群体的剥削。韩延在整部作品中经营最清楚的只有对自己作品的致敬，从“肿瘤君”，到《动物世界》的小丑，再到贯穿三部片的“平行时空幻想”，对生命和生活的尊重这一表达核心却是以近乎最轻浮随便的做戏方式顺拐引出，对角色和观众皆缺乏真诚的爱。于是，煽情点如冰雹一般猝不及防阵阵袭来，却仍不知足，当易烊千玺以明星式形象在青海的风光中再度登场，电影的现实意义几乎被抹杀，因此伴随字幕的真人真事片花成为了某种极具关键性又不合时宜的错位补偿，但正片中对聋哑外卖配送员与苦苦寻孙的老奶奶等人，究竟又有多少真切的关注，大概只是几条少得可怜的镜头和台词而已，请问做到这步，还对得起谁。,2,2020-12-31 21:32:38,148,0,0,0,0,0,0
459,送你一朵小红花,antify,并不好看………,1,2021-01-01 10:32:47,197,0,1,0,0,0,0
460,送你一朵小红花,葱白__,从不共戴天到义无反顾,2,2020-12-31 20:18:59,178,0,0,0,0,0,0
461,送你一朵小红花,lucky star,一部豆瓣6.5及以下段位的电影，粉丝铺天盖地的五星不仅不是帮他，反而是在捧杀他。这既会引起路人高期待低感受后的情绪性低分反噬，也会让观众因为客观评价的心理需求而对虚高的电影评分和尬吹的演技（只是还行）产生敌意。这本质是在推开粉丝外的观众。作为演员易烊千玺还有很长的路要走，他也是小鲜肉中难得有点演技的，请粉丝们不要再用吹捧的方式“”落井下石”了。,2,2021-01-01 11:47:56,184,0,0,0,0,0,0
462,送你一朵小红花,🛠,送你一个小镇做题家！,1,2022-07-09 18:11:09,294,1,0,1,1,1,1
463,送你一朵小红花,傻菠萝,"2021年第一部电影,如此的平平无奇",2,2021-01-01 02:35:06,179,0,0,1,0,0,0
464,送你一朵小红花,陀螺凡达可,2.5 有人能把广告拍出电影感，就有人能把电影拍出广告的塑料感。以及这些幽默段落的廉价配乐是从淘宝买的吗？不知道是团队还停留在上个世纪的电视剧创作水准，还是团队认为中国观众的审美和理解能力仅限于此。浪费了一众好演员，也幸好有这些好演员，尤其是易烊千玺和刘浩存，在剧作和导演如此拉胯的情况下，他们的表演撑起了整部片。,2,2021-01-01 13:42:37,131,0,0,0,0,0,0
465,送你一朵小红花,绝情坑主,为什么总要搞强行感动啊...,1,2020-12-31 21:34:37,1514,0,0,1,0,0,0
466,送你一朵小红花,随心随意点,剧情俗套，演技台词也非常一般,1,2021-01-01 08:01:34,181,0,0,0,0,0,0
467,送你一朵小红花,米米小小,非常极其无聊的电影，浪费我钱,1,2020-12-31 23:24:17,170,1,1,1,1,1,1
468,送你一朵小红花,逗猫草,太难看了，四字好好练习台词吧，简直是灾难，毫无演技,1,2021-01-01 08:08:50,173,1,1,1,1,1,1
469,送你一朵小红花,momo,我真的不怎么喜欢这样的女主和跳脱的剧情,1,2021-01-01 07:07:53,163,0,0,0,0,0,0
470,送你一朵小红花,一张猫饼🍌,请问是谁把这部电影吹上天的………,2,2021-02-03 15:18:20,153,1,1,0,1,0,1
471,送你一朵小红花,小糊涂神,四字这样的演技是怎么考上编的？！是靠唱歌吗？,1,2022-07-09 15:04:34,276,1,0,1,1,1,1
472,送你一朵小红花,死阿丁Austin,在2020年最后一天抢占最烂台词剧本，每一个角色的戏份都像是“我这里需要一个xx的角色说一段xx的台词”，感人的点廉价到临期促销产品都自惭形秽。现实世界里真实活着的人，是不会按照这里面的台词这样说话的。,2,2021-01-01 02:44:41,155,0,0,0,0,0,0
473,送你一朵小红花,Edwin超努力,真的非常难看，剧情拖沓，人物塑造立不住，情节跳脱，易烊千玺让我觉得进入不了这个电影，小岳岳的角色可有可无；还不如去看晴雅集我错了，至少人物和画面是好看的。,1,2021-01-01 00:18:47,168,0,0,0,0,0,0
474,送你一朵小红花,Ting,被拉去看的 真一羊千洗,1,2021-01-01 09:53:08,151,1,1,1,1,1,1
475,送你一朵小红花,rango,明明可以把这种题材拍的很丰满……但是小学生写作文一样……,2,2021-01-01 10:07:58,163,0,0,0,1,0,0
476,送你一朵小红花,黍离,如坐针毡,2,2021-01-01 12:43:18,160,1,1,1,1,1,0
477,送你一朵小红花,汪金卫,青春爱情甜腻小情侣X抗癌励志感人正能量。从头到尾都在用力煽情。您哭了吗？您哭吧！为爱情而哭，为亲情而哭，为2020年不易的你自己痛哭吧！这种煽情让连泪点很低的我都产生一种警惕心理，就像被古一法师打了一拳，抽离到电影情绪之外，时刻提醒自己片中种种正面积极设定的夸张与虚假，种种悲情催泪桥段的刻意和匠气，以及一些一晃而过的明显剧情漏洞。男女主角的感情发展也如过山车，演绎世界冒险更是傻到家的浮夸做作。演员演得越用力越出戏。尤其是极度善解人意的父母与争着卖房的各路亲戚，美好得如梦似幻。您相信吗？醒醒吧，看看《家庭会议》《过年》和《吉祥如意》吧。那才是真实的家庭关系。如果雨中表白是致敬夏雨，那韩延拍这部影片就是致敬自己。两星半,2,2020-12-31 23:59:32,391,0,0,0,0,0,0
478,送你一朵小红花,棉亚麻树枝,很尴尬，导演还得好好学学怎么表达。易烊千玺也救不了这电影。,2,2020-12-31 20:31:35,171,0,0,0,0,0,0
479,送你一朵小红花,再看就把你喝掉,感觉还差点意思，看出四字努力了，但那装酷时用力的嘴再稍稍放松点就好了，这样表情会自然些。女生的光头是头套吧，本来感动的场景看出戏了都,2,2021-01-01 08:57:58,132,0,0,0,0,0,0
480,送你一朵小红花,Carpe Diem,巨无聊 无聊到看手机八百回,1,2021-01-01 08:28:28,139,1,1,1,1,1,1
481,送你一朵小红花,尽量每天开心,煎熬的两小时,1,2021-01-01 06:23:32,142,1,1,1,1,1,1
482,送你一朵小红花,永远喜欢法音哇,尬，指剧情,2,2020-12-31 22:39:28,149,0,0,0,0,0,0
483,送你一朵小红花,Vicokubi,不得不说 四字表现不太自然 所以说还得有人帮着把控把控 雨里喝醉表白那场咋的都像弱智呢,2,2020-12-31 21:36:00,153,0,0,0,0,0,0
484,送你一朵小红花,野蛮桃,打着抗癌旗号的矫情青春爱情剧,2,2021-01-18 00:31:40,137,0,0,0,0,0,0
485,送你一朵小红花,下一步,太老套了，演技也不太行,1,2021-01-01 08:40:44,140,0,0,0,0,1,0
486,送你一朵小红花,一瓶电,失望 也不能说很差劲吧 就是很一般 从导演到演员到剧情都不怎么样 主演就高亚麟有点水平,1,2021-01-01 12:02:01,140,0,0,0,1,0,0
487,送你一朵小红花,海里有盐,在电影院如坐针毡。,1,2021-01-01 08:47:18,136,1,1,1,1,1,0
488,送你一朵小红花,珍宝蟹,刻意感动，剧情无聊，演技也尬，简直太煎熬了,1,2021-01-01 10:37:40,136,0,1,0,0,0,0
489,送你一朵小红花,Miaopasii,难看 气泡音我吐了,1,2021-01-01 14:27:58,132,1,1,1,1,1,1
490,送你一朵小红花,乃猫,一般,2,2021-01-01 06:51:10,123,1,1,0,1,1,1
491,送你一朵小红花,velpro,果然映了那句“开始营销越猛的，越是烂片”预告全是讲家庭各种煽情，结果到电影院一看大部分是谈恋爱？四字的演技时好时坏 全看对手戏是谁，还是青涩了点，ball ball 四字弟弟谈个恋爱吧，感情戏太僵硬，明显没什么经验，而且他说话是怎么回事？网上气泡音？刘浩存妹妹真的不适合这个角色，看她的脸配上戏了的角色设定，真的入不了戏，而且演技真的是…这真的是谋女郎吗最惊喜的还是戏里男主父母，太会演了太真实了，拿捏的好好最气的是这个剧本和这个后期，什么鬼，所以这部电影到底想说什么，什么都要沾点，最后拍了个四不像，突然亲情又突然爱情？？？场景转换也特别特别生硬，还有那个结尾，导演您在干嘛，整部电影透露着一种浮躁的感觉。所以，这部电影所有钱都用来宣传了是吗？最后，这就是部消费千玺热度的视频,2,2021-01-01 11:32:08,136,0,0,0,0,0,0
492,送你一朵小红花,安徽的乐乐,演技有点撑不起来,2,2021-01-01 07:41:06,136,0,0,0,0,0,0
493,送你一朵小红花,瞎子炳,"看之前朋友告诉我，她看到一个鹅友评论：“如坐针毡！”我嗤之以鼻，不以为然！冲着四字弟弟，我就可以！

看完一个小时左右，我们对视一眼，一起起身离开影院…",2,2021-01-01 03:09:02,125,0,0,0,0,0,0
494,送你一朵小红花,艾莉扎啤,新年第一的尴尬😓 浪费时间,2,2021-01-01 05:43:01,123,0,0,0,0,0,0
495,送你一朵小红花,😯😘😘,我实在受不了四字弟弟的演技了，我以为少年的你是开始，没想到是巅峰。这种打着骗眼泪的癌症片硬生生拍成了爱情片，我带着孩子都不好意思给孩子看，孩子才七岁很喜欢弟弟，唉,1,2020-12-31 21:21:10,137,0,0,0,0,0,0
496,送你一朵小红花,ASAGI,刘浩存老赖之女 致残不赔 失德艺人 天诛地灭,1,2021-10-14 11:21:37,155,0,0,0,0,0,0
497,送你一朵小红花,无言,就老戏骨戏份还有一看,2,2020-12-31 21:44:23,134,1,1,1,1,1,0
498,送你一朵小红花,Silver,拍的什么东西……我在看快手大合集吗……？,2,2021-01-01 01:20:04,135,1,1,1,1,1,0
499,送你一朵小红花,一切都是最好的,真的一般般，期待太高了，失望越大，,1,2021-01-01 03:43:12,135,0,0,0,0,0,0
500,送你一朵小红花,薛定谔的猫,很遗憾，2020年以这部片子结束……我应该停止在心灵奇旅，心疼我的45块钱，最后的画面是在拍广告嘛……,2,2020-12-31 21:23:42,141,0,0,0,0,0,0
501,送你一朵小红花,甘露寺蜜璃,太长 太无聊 情节也很尬 吹的很逆反,1,2021-01-01 11:45:39,129,0,0,0,0,0,0
502,送你一朵小红花,还好呢下雨了,四字没有少年的你表现得好 剧情也很尴尬,2,2020-12-31 19:57:55,1632,0,0,0,0,0,0
503,送你一朵小红花,张屋用的老婆,配角比主角出彩太多了,2,2021-01-01 07:44:40,124,0,0,0,0,0,0
504,送你一朵小红花,Infinite,难看 一星平衡,1,2021-01-01 11:36:00,107,1,1,1,0,1,1
505,送你一朵小红花,明天植物园,这部成功把四字的“实力派”拉回“颜值派”。演技全靠剧里的父母撑起来。小学生作文式的台词加郭敬明的男女主人设，是2020给我最后的折磨。,2,2020-12-31 21:19:33,1006,0,0,1,0,0,0
506,送你一朵小红花,AKB48-张元英,剧情悬浮 人设有问题 浪费时间 第一次看到男女主角都讨厌的电影 没见过这么不懂事的 ,2,2020-12-31 19:55:54,129,0,0,0,0,0,0
507,送你一朵小红花,那年大火AlexJ,这这这，这都是啥。强塞了一口屎💩，这不是最恶心的，最恶心的是还是自己去电影院看的。对不起ಥ_ಥ自己。,1,2021-01-16 16:04:11,128,1,1,1,1,0,1
508,送你一朵小红花,我可以换名字了,无聊透顶的剧情,1,2021-01-01 09:10:12,113,1,1,1,1,1,1
509,送你一朵小红花,野金桔,对不起，槽点太多了。,2,2020-12-31 20:16:25,1435,0,0,0,1,0,0
510,送你一朵小红花,往事都随风,本来想给三星，就一部马马虎虎的无聊片，最多及格，营销真厉害。,2,2021-01-01 12:02:16,114,0,0,0,0,0,0
511,送你一朵小红花,momo,说实话，很一般，虽然看之前就猜到一般般了，但看完了还是比预想的还一般，最后两人白衣那段拍的跟农夫山泉mv似的,2,2021-01-01 10:06:26,121,0,0,0,0,0,0
512,送你一朵小红花,是王帅傅,2020看过最差的院线片，剧情和赶鸭子上架一样哼哧哼哧的，难以想象是韩延拍出来的电影，前半段又臭又长模仿《飞屋环游记》，后半段女主角基本没了，硬煽情尬转折，是为了凑钱排《动物世界2》吗？影响跨年心情,2,2020-12-31 20:43:16,123,0,0,0,0,0,0
513,送你一朵小红花,Stella,粉丝电影，矫情的男主，圣母的女主，没有镜头语言一直几乎都是中近景语言叙事,2,2021-01-01 09:42:13,124,0,1,0,0,0,0
514,送你一朵小红花,春天司柏林,十足的电视剧，完全放弃声音，剪辑和环境，看了一小时实在熬不住退场，不会真有人能从这片里感受到甘甜苦辣吧，摆明了就是一大骗子。,1,2020-12-31 22:31:21,120,0,0,0,0,0,0
515,送你一朵小红花,勇闯天涯,很少给电影打这么少的评分，电影前期感情戏突兀，四字弟弟表白那尬的不行，好题材但表达真的很差劲了。,1,2021-01-01 08:09:02,115,0,0,0,0,0,0
516,送你一朵小红花,luck叔,不合适角色,1,2021-01-01 03:44:48,115,0,0,0,0,0,0
517,送你一朵小红花,秃头秀儿,很矫揉造作是真的，喷发式演技倒是区别于面瘫演技了，但是还豆差不多,2,2021-01-01 09:11:55,102,0,0,0,0,0,0
518,送你一朵小红花,什么结,期望越大失望越大,1,2020-12-31 22:44:45,1114,0,0,0,0,0,0
519,送你一朵小红花,Sleepy💤,………一般吧 ,1,2021-01-01 12:07:02,104,0,0,0,0,0,0
520,送你一朵小红花,wwwwww,就挺遗憾的。《小红花》跟《少年的你》差的不是一般的量级。小红花的导演处处透着坏审美，许多人物，情节和台词都是为了煽情而煽情，表现手法不现实不真实，处理方式还颇为老土。并且过多的浅显独白让镜头语言失去意义。这样说吧，《小红花》的电影主题曲mv比电影好看20倍吧。,2,2021-01-01 00:53:51,107,0,0,0,0,0,0
521,送你一朵小红花,137****6629,这剧情真的有点尴，两人莫名其妙，本来还水火不容的两个人，不知怎么的就走到一块去了，难道女孩就是那种帮助别人能得到精神最大满足感的那种人吗？？第一次电影看一半退场，演员演技在线，可惜剧情真的不行,2,2021-01-21 08:20:00,86,0,0,0,1,0,0
522,送你一朵小红花,一颗🍎,太难看了 又无聊又尬的一部片子 元旦档的片子都好烂 准备二刷拆弹专家了,1,2020-12-31 21:46:20,114,1,1,1,1,1,1
523,送你一朵小红花,盘尼西林,剧情过于平淡了，大题小做，本来想来电影院大哭一场，发现失望了。,2,2020-12-31 20:09:21,115,0,0,0,0,0,1
524,送你一朵小红花,屎蛋儿,第一次觉得电影院的时光如此难熬,1,2021-01-20 21:01:32,242,0,0,0,0,0,0
525,送你一朵小红花,默认啊,单纯为了弄哭人整出来价值观扭曲的片子,1,2021-02-04 13:46:55,263,0,1,0,0,0,0
526,送你一朵小红花,？？？,想了想还是扣一颗星，烂片说不上，但优点好像也没多少，这片不适合大银幕，适合地铁上随便看看的那种,2,2020-12-31 20:32:54,122,0,0,0,0,0,0
527,送你一朵小红花,啊猫,一般的爱情类型片,2,2020-12-31 21:05:45,105,0,1,0,0,0,0
528,送你一朵小红花,🌴风景园林🌴,在学校门口吹了半个小时冷风最后打摩的电影结果就这？唯一一次掉眼泪是失去女儿的父亲坐在马路边上边哭边扒饭，太无聊了太无聊了怎么会怎么无聊,2,2021-01-01 07:45:03,93,0,0,0,0,0,0
529,送你一朵小红花,守法周市民,就很尬，演技没见涨啊,1,2021-01-01 10:25:39,102,0,0,0,0,0,0
530,送你一朵小红花,南燕,2021/1/1  14：191.第一次在电影院体会到如坐针毡的感觉。稀烂的、口号式的台词，东拼西凑的剧情，毫无人格魅力的两位主角，做作的表演，三流的偶像剧情节；一部试图用力煽情的失败的现实主义电影；2.导演你能先把癌症病人当正常人看待吗？编剧你能竖起耳朵听听身边人怎么说话的吗？3.糟糕的观影体验：右边把单反放在膝盖上摄影的人，前排拍摄演技“炸裂”桥段的粉丝，后排开闪光灯摄屏的人……4.在2021年选择这一部电影作为开场，脑子有病的竟是我自己。,1,2021-01-01 14:27:51,102,0,0,0,0,0,0
531,送你一朵小红花,__Elaine,我们不瞎吹，31号晚上看的，电影院70%的人都在耍手机。。。,2,2021-01-01 17:23:04,98,0,0,0,0,0,0
532,送你一朵小红花,春风十里不如你,演员拉跨，为什么眼神能如此无神。蹭耽美的擦边球，想蹭红利又不想被议论。整个电影情节也不行，总之就是不行。,1,2021-01-02 08:27:58,76,0,0,0,0,0,0
533,送你一朵小红花,box,题材好剧情差，最后半小时坐立难安，和药神差了一百部少年的你，完整程度甚至不如滚蛋吧肿瘤君。感人不是不要逻辑，感情悬浮着刻意挤眼泪。,2,2021-01-01 07:06:50,86,0,0,0,0,0,0
534,送你一朵小红花,巴啦啦小魔仙,就怎么说 剧情太一般了 两个年轻演员演技有点尴尬,1,2021-01-01 11:41:50,92,0,0,0,0,0,0
535,送你一朵小红花,小枫,畏畏缩缩扣扣搜搜，爱情不像爱情，小清新不像小清新，搞笑又没有很搞笑，真不知道这种四不像拍出来干嘛？连个清晰的主线都没有，东一榔头西一棒，简单剧情啰啰嗦嗦讲不清楚。女主特别撑不起，一开始以为她演的是个幻想出来的假人，那样还说得过去一点。四字的诠释也有问题，为了哭而哭，为了偏激而偏激，雨夜表白是什么脚趾抠地的尴尬表现，尬到让人一直跳戏。还有不是在钱包里塞一张穿彩虹的合照就能按头gay，哪怕在小岳岳那么多次描述中有一点呼应也行啊。电影不是符号堆砌，本片完全是从一个符号生硬地跳跃到另一个符号，而缺乏必要的起承转合，最后甚至直接旅游广告MV，上一个水平这么差的导演是郭敬明。p.s.全场最佳朱媛媛，不用力的表演才是真正的表演。,2,2021-01-01 01:09:54,92,0,0,0,0,0,0
536,送你一朵小红花,影儿,粉丝霸屏，一星中和一下。,1,2021-01-01 12:20:57,94,1,1,1,1,1,1
537,送你一朵小红花,我不是靖哥哥,打着抗癌的幌子谈恋爱，中国电影离开谈恋爱能死吗,2,2021-01-23 07:59:57,79,0,0,0,0,0,0
538,送你一朵小红花,南悠一,虽然俩小时，观影却难熬，仿佛被偷走了一整天时间。前半段还好，后半段基本就没有人物变化了，主角周围一片和谐纯净，导演甚至没做更多探索，选择了一条最简单的煽情之路，精确计算而来的故事，直指商业电影的媚俗特性：当它需要的时候，右边可望见一个寻孙的奶奶，左边也可望见一个聋哑的外卖小哥。为了让观众不停哭，它找来了一篓子催泪素材。当然，戏外的项目经理也很专业，知道选这么个好日子上映，社会情绪打准了想不火都难。唯一能让我看下去的是，配角不拖戏，主角至少干净、没杂质。在现实里，周围的确有很多人委屈地活着，坚韧，把苦痛都咽进肚子，进影院能被按着头大哭一场对他们来说算是宣泄了。所以，可能有这么一群观众，也就必须有一个创作时会沉醉于自我感动而不知收敛的韩延吧。,2,2021-01-01 21:06:38,107,0,0,0,0,0,0
539,送你一朵小红花,大碗岛上下午,难看感觉是被营销骗去看的，整个剧情节奏慢非常的莫名其妙，新年看抗癌片又觉得是爱情片，衔接生硬，尬吹的男主演技做作，一半时间走神时间在玩手机，全片唯一感人的是坐在医院门口吃饭的父亲。,1,2021-01-02 03:40:01,91,0,0,0,0,0,0
540,送你一朵小红花,tlal1122,太失望了，绝了奔着少年的你口碑去了的，结果就给我看这？怎么可以比隔壁温暖的抱抱还要烂啊，元旦就没有好电影了吗。,1,2021-01-01 12:17:25,91,0,0,0,0,0,1
541,送你一朵小红花,己注销,去看了，被骗了(*￣m￣),2,2021-01-01 14:27:53,84,0,0,0,0,0,0
542,送你一朵小红花,感性荷官,这。。。这不能叫电影吧。这完全tm的一计划生育宣传片吧，我哭我无理取闹，大家都要对我这么好，合着所有的不幸都是喊出来的，塑造了这么一个自私自利的男主形象，就所有人都围着这么一个人设转，看得我觉得我三观都扭曲了，真的共鸣不出来这么造作的怜悯。。。去看看《阳光普照》是怎么刻画大儿子人物的病态吧，这共情真的很廉价，b站找个vlog也拍的比这玩意好啊。,2,2021-01-18 00:58:02,73,0,0,0,0,0,0
543,送你一朵小红花,--,《这评分没有粉丝滤镜！没有！割割好棒》,2,2021-01-01 12:37:54,78,1,1,1,1,1,1
544,送你一朵小红花,槛,告诫自己：以后不要着急，一定要等评分出来再说，让评价再飞一会。这样就不会被骗进电影院了。,2,2021-01-01 10:39:09,78,0,0,0,0,0,0
545,送你一朵小红花,张洋_Allen,什么破玩意,1,2021-01-01 11:41:43,83,1,1,1,1,1,1
546,送你一朵小红花,荀攸着,导演是个神经病吧，立意绝佳，就怪话太多过之而不急也,2,2020-12-31 20:17:01,92,0,0,0,0,0,0
547,送你一朵小红花,琴殇丶韵染,……,1,2021-01-02 08:36:14,58,1,1,1,1,1,0
548,送你一朵小红花,小橘子xxx🍊,如坐针毡，如芒刺背。1星给四字，1星给家庭争吵戏，四字还是要靠导演带啊……,2,2020-12-31 20:58:44,84,0,0,0,0,0,0
549,送你一朵小红花,Wink大魔王,剧情推动 靠台词。 导演 编剧 ？你们谁是电视剧转行过来的么？交代信息也太直白了吧？？？ 真的感觉有点扯？梦幻的收尾。 经历抗癌真的像你说的那样么？个人感觉 只是动了一个好的题材 ,2,2020-12-31 23:09:16,88,0,0,0,0,0,0
550,送你一朵小红花,千里易炎凉,硬煽情 剧情很奇怪 爱情线很奇怪 结局也很生硬 可以理解导演想表达癌症患者生存现状/多多关怀/他们也要像正常人一样活着……但是剧情展开和设置本身有很大槽点 前后不接 生硬拉胯,2,2021-01-17 08:59:24,69,0,0,0,0,0,0
551,送你一朵小红花,圆首的秘书,2.5 没有一句话像是人说出来的，从人物到情节都非常失真，标榜普通人，却与实实在在的生活无关。,2,2021-01-02 21:37:54,75,0,0,0,0,0,0
552,送你一朵小红花,高杨壮壮,刘浩存真是个美女 如果她不说话的话,2,2021-01-01 00:19:19,79,1,1,1,1,1,1
553,送你一朵小红花,顧青裴,劇情拖沓，把好好的論理劇拍成愛情片！衝著品4字的演技去的，也不過如此！看之前就擔心會不會被捧得太高了，果不其然！演的痕迹太明显，時刻告訴觀眾他很用心的在演！入了演字也就入了下成！可提昇的空間相當巨大！,2,2021-01-01 08:58:24,70,0,0,0,0,0,0
554,送你一朵小红花,贝卡,铺天盖地的宣传也改变不了是部烂片，抗癌片变成青春爱情片。一星是给几个老演员的，其他是真的差劲……,1,2021-01-01 10:42:17,72,0,0,0,0,0,0
555,送你一朵小红花,可爱小飞侠,受不了易烊千玺那强凹的京腔气泡音，他一开口就听得脑瓜子疼，作为演员首先得说好标准普通话吧？粉丝勿扰,1,2021-01-15 11:00:28,109,0,0,0,0,0,0
556,送你一朵小红花,微信用户,为小镇做题家,1,2022-07-09 14:19:10,148,1,1,1,1,1,1
557,送你一朵小红花,舟月,无聊,1,2021-01-02 03:31:58,75,1,1,1,1,0,1
558,送你一朵小红花,fafa,亿点点失望😞,2,2021-01-01 10:16:54,78,0,0,0,0,0,0
559,送你一朵小红花,名字,拍的什么玩意,1,2021-01-01 12:27:52,79,1,1,1,1,1,1
560,送你一朵小红花,J💋Z💋L,挺无聊的 这电影炒作的厉害👍,2,2021-01-01 10:03:14,64,1,1,1,0,1,1
561,送你一朵小红花,Foxy,一星给对yyqx的光环 催泪 可还是挺烂的,2,2020-12-31 22:09:01,70,1,1,1,1,1,0
562,送你一朵小红花,McDonald’s,没啥意思,2,2021-01-01 08:04:57,64,0,0,0,0,0,0
563,送你一朵小红花,神威太太,劇本有抄襲/感覺像2、30年前的親患體驗……,2,2021-01-02 03:27:30,55,0,0,0,0,0,0
564,送你一朵小红花,zhanghengzi,拍得乱七八糟的，要温情不够温情，要感人不够感人，要深刻不够深刻，爱情、家庭、病痛，啥也没有拍好。老戏骨们的演技硬撑着电影。看在弟弟的份儿上多给一星。,2,2020-12-31 22:11:25,77,0,0,0,0,0,0
565,送你一朵小红花,豆友227152065,我等屁民怎配看天龙太子作品,1,2022-07-09 22:49:17,123,1,1,1,1,1,1
566,送你一朵小红花,折别枝,真的好讨厌营销大于电影本身这种模式啊，反反复复，青年演员如果真的想要长久，必须要爱惜自己的羽毛。,1,2021-01-04 03:14:10,35,0,0,0,0,0,0
567,送你一朵小红花,晴天,故事老套，强行煽情，后边真的太拖拉了,1,2020-12-31 21:00:35,988,0,0,0,0,0,0
568,送你一朵小红花,nimbuee,化疗对肝脏和免疫力的伤害非常大，病友聚会喝啤酒、躺铁轨这些事情只会发生在披着抗癌外衣的烂片里。浪费了本患者宝贵的两小时，抗癌不是平行时空虚幻的美好。,2,2021-01-01 12:58:09,55,0,0,0,0,0,0
569,送你一朵小红花,不饿霸,戏剧学院表演课考试，有一种即兴表演，老师抓出一男一女，临时给一个题目，立刻表演。“地主和丫鬟”等。这部电影的毛病就在于没有核心事件，是由许多小品般的即兴表演组成。“聚会上尬聊女孩”、“街头表白女孩”、“吃饭时跟爸妈的一次争吵”、“火车上抢救生病女孩”。所有矛盾冲突都是临时找的，人物漫无目的碰撞，本质上不是戏剧。,2,2021-01-02 15:58:36,35,0,0,0,0,0,0
570,送你一朵小红花,Marquis.F,没有感到这个电影对癌症有什么社会性帮助，相比《药神》感觉这部电影完全是癌症概念包装的青春片，各种鸡汤和煽情片段基本没什么推进剧情的能力，可惜了这些优秀的演员……易烊千玺是真的香，年轻人前途无量,2,2021-01-01 07:05:54,63,0,0,0,0,0,0
571,送你一朵小红花,卖女孩的小火柴,我预想的是电影会讲述抗癌家庭生活里的各种坚强不放弃的故事，拍的好的话会催泪又感动。结果，这片拍的一点也不生活化，观感就是完全脱离现实。超多情节造作又煽情，看的我在电影院尴尬到脚都要扣破地板了。两星全给四字弟弟，演技确实很不错了，吊打对戏的女演员。总而言之，不值票价！不推荐！别去看！,2,2020-12-31 20:13:43,718,0,0,0,0,0,0
572,送你一朵小红花,嘟嘟嘟,被朋友拉去看的。。。尬得一批。。,1,2021-01-01 08:46:33,39,1,1,0,1,1,1
573,送你一朵小红花,大風起兮,一言难尽，比不上肿瘤君，还差的远，剧情没有共鸣,2,2020-12-31 20:24:03,1439,0,0,0,0,0,0
574,送你一朵小红花,青稞淡奶,批皮社会题材的爱情片，刻意煽情还是算了吧,2,2021-01-21 04:08:21,56,0,0,0,0,0,0
575,送你一朵小红花,长山小春,兩顆星給四字哥的臉和身子😘 其他的 我只能說各方面很好笑  更新：最後的十分鐘比整部電影好看。（ps我說的最後十分鐘指的是爸媽拍的視頻那段,2,2020-12-31 21:04:14,72,0,0,0,0,0,0
576,送你一朵小红花,TAKA小狮子,总有人想方设法，在你短暂的生命中浪费你2个小时。,1,2021-01-03 04:00:24,43,0,0,0,0,0,0
577,送你一朵小红花,👾 王可爱,能看的那几分钟全刷到过好几回了。本来就没多吸引人，看完剪辑再去看整部电影，感觉真的有点烂。看到那些抖音上的吹捧，我只想再重复一遍：是tm真的烂！！从没有一部电影如此的招我烦！！！不知道本片想表达的主旨到底是哪个。我想问一下，导演是不是郭敬明的好朋友？？？不，这碗鸡汤给郭敬明的青春文学洗脚差不多。能不能把电影票钱赔给我！！另外最后半个小时等于完全没剧情，并且鸡汤的非常尴尬，浪费三十多分钟坐在那。风格和话题大杂烩一样，什么玩意儿都想往里掺。影片结尾的彩蛋短片更是low到极点，直接给我看懵了。这视频不仅更加模糊了电影主旨，而且这放电影后面合适吗？导演是有多爱刷短视频？我自己去抖音上刷的好人好事更感人点，谢谢。,1,2021-01-04 04:51:53,30,0,1,0,0,0,0
578,送你一朵小红花,只爱陌生人,真的喜欢不来这电影的。。完全代入不进去。。然后，配乐很糟糕，听的我很烦躁。。演技的话，四字弟弟感觉不如《少年的你》。。独白也太多了。。什么平行世界，什么幻境都是什么鬼啊。。,2,2021-01-02 04:05:37,47,0,0,1,0,0,0
579,送你一朵小红花,您爹,不喜欢,1,2021-01-17 00:09:51,18,0,0,0,0,0,0
580,送你一朵小红花,Momo,气泡音差评感情戏差评,1,2021-01-16 11:41:52,69,0,0,0,0,0,0
581,送你一朵小红花,已注销,比《星运里的错》还要错  剧情无聊到死  适合18岁以下观看的恋爱片儿 ,1,2020-12-31 21:59:08,767,0,0,0,0,0,0
582,送你一朵小红花,每天都很无语,真会营销啊…🚬剧情和男女主台词就这…只有父母辈的表演能夸夸。,2,2021-06-12 21:51:00,62,0,0,0,0,0,0
583,送你一朵小红花,🌵🌵,关于癌症群体的A主题从一家子争着卖房开始就可以论定为疫情时代下对大众心态的剥削，完全不具备现实性，真就跟片子里天台上灌鸡汤的大师一样，收钱用欺骗进行安抚。剩下一个爱情B主题可以直接对标《新不了情》，导演去学学人家港片啥叫接地气吧！同样是男性视角出发，同样是健康救赎病态的设定，情节转折都一模一样，而袁咏仪的角色多有实感啊！到您这儿女主角就成了一个直男对理想化异性想象的意淫式投射，一个毫无生命力的献祭符号（尽管创作者极力让她看起来有性格）。,2,2021-01-01 22:55:27,36,0,0,0,0,0,0
584,送你一朵小红花,Lve iso,韩延你打翻了我的期待 爱情线最后没有觉得有多相爱更像是同类，没有感觉到失去的痛苦，亲情与爱情和其他人穿插又显得杂乱无章，想象里的青海湖画面突兀像广告，提出了一个问题最后告诉我们这个问题不存在，女主倒下后就彻底断了线,2,2021-01-01 08:57:28,27,0,0,0,0,0,0
585,送你一朵小红花,明月冷关山,打着癌的主题谈恋爱 恶心到了,1,2021-02-22 15:24:32,61,0,0,0,0,0,0
586,送你一朵小红花,蝠蝠,如果一部电影失去了其作为电影的魅力与功效，从而沦为骗取廉价眼泪和不入流小品段子的货色，那它就拥有了被批评的资格。我花钱买票，我评分自由。,2,2021-01-06 21:03:39,23,0,0,0,0,0,0
587,送你一朵小红花,青山远去,台词听得我太难受了,2,2021-03-06 12:32:23,53,0,0,0,0,0,0
588,送你一朵小红花,Didoo🌈,🆘四字真的没眼看,2,2021-01-18 13:30:21,39,0,0,0,0,0,0
589,送你一朵小红花,草莓,剧情尴尬，有点强行抒情的味道，啧，四字弟弟演技退步了，少年的你比现在好,1,2021-01-01 11:28:17,31,0,0,0,0,0,0
590,送你一朵小红花,宇宙,感觉被预告片骗了,1,2020-12-31 22:11:07,706,0,0,0,0,0,0
591,送你一朵小红花,小绵羊花花,四个字的要避开，竟然是模仿，可惜了其他演员的烘托。,1,2021-01-21 10:45:30,46,0,0,0,0,0,0
592,送你一朵小红花,会者定离,友友们，我看这两位开过颅的癌症患者的身体素质比我这个女大学生好得多。,1,2021-01-16 01:02:09,48,0,0,0,0,0,0
